{
    "architecture": "PicoDet",
    "transform_ops": [
        {
            "interp": 2,
            "keep_ratio": false,
            "target_size": [
                320,
                320
            ],
            "type": "Resize"
        },
        {
            "is_scale": true,
            "mean": [
                0.485,
                0.456,
                0.406
            ],
            "std": [
                0.229,
                0.224,
                0.225
            ],
            "type": "NormalizeImage"
        },
        {
            "type": "Permute"
        },
        {
            "stride": 32,
            "type": "PadStride"
        }
    ],
    "easy_edge": {
        "resize": [
            320,
            320
        ],
        "inputNodeName": [
            "im_shape",
            "image",
            "scale_factor"
        ],
        "outputNodeName": [
            "transpose_10.tmp_0",
            "transpose_12.tmp_0",
            "transpose_14.tmp_0",
            "transpose_16.tmp_0",
            "transpose_11.tmp_0",
            "transpose_13.tmp_0",
            "transpose_15.tmp_0",
            "transpose_17.tmp_0"
        ],
        "img_mean": [
            123.675,
            116.28,
            103.53
        ],
        "scale": [
            0.017124753831663668,
            0.01750700280112045,
            0.017429193899782137
        ],
        "channelOrder": "CHW",
        "colorFormat": "RGB",
        "resize_mode": "cv2.INTER_LINEAR",
        "rescale_mode": "keep_size"
    },
    "serving": {
        "input_type": [
            "float32",
            "float32",
            "float32"
        ]
    }
}