<annotation>
	<folder>train2</folder>
	<filename>cat.1295.jpg</filename>
	<path>D:\猫咪识别\train2\cat.1295.jpg</path>
	<source>
		<database>Unknown</database>
	</source>
	<size>
		<width>453</width>
		<height>446</height>
		<depth>3</depth>
	</size>
	<segmented>0</segmented>
	<object>
		<name>cat</name>
		<pose>Unspecified</pose>
		<truncated>0</truncated>
		<difficult>0</difficult>
		<bndbox>
			<xmin>123</xmin>
			<ymin>31</ymin>
			<xmax>339</xmax>
			<ymax>189</ymax>
		</bndbox>
	</object>
</annotation>
