<annotation>
	<folder>train2</folder>
	<filename>cat.1079.jpg</filename>
	<path>D:\猫咪识别\train2\cat.1079.jpg</path>
	<source>
		<database>Unknown</database>
	</source>
	<size>
		<width>305</width>
		<height>321</height>
		<depth>3</depth>
	</size>
	<segmented>0</segmented>
	<object>
		<name>cat</name>
		<pose>Unspecified</pose>
		<truncated>0</truncated>
		<difficult>0</difficult>
		<bndbox>
			<xmin>167</xmin>
			<ymin>27</ymin>
			<xmax>292</xmax>
			<ymax>138</ymax>
		</bndbox>
	</object>
</annotation>
