<annotation>
	<folder>train2</folder>
	<filename>cat.1483.jpg</filename>
	<path>D:\猫咪识别\train2\cat.1483.jpg</path>
	<source>
		<database>Unknown</database>
	</source>
	<size>
		<width>479</width>
		<height>360</height>
		<depth>3</depth>
	</size>
	<segmented>0</segmented>
	<object>
		<name>cat</name>
		<pose>Unspecified</pose>
		<truncated>0</truncated>
		<difficult>0</difficult>
		<bndbox>
			<xmin>79</xmin>
			<ymin>35</ymin>
			<xmax>398</xmax>
			<ymax>274</ymax>
		</bndbox>
	</object>
</annotation>
