<annotation>
	<folder>train2</folder>
	<filename>cat.1232.jpg</filename>
	<path>D:\猫咪识别\train2\cat.1232.jpg</path>
	<source>
		<database>Unknown</database>
	</source>
	<size>
		<width>320</width>
		<height>239</height>
		<depth>3</depth>
	</size>
	<segmented>0</segmented>
	<object>
		<name>cat</name>
		<pose>Unspecified</pose>
		<truncated>0</truncated>
		<difficult>1</difficult>
		<bndbox>
			<xmin>107</xmin>
			<ymin>56</ymin>
			<xmax>193</xmax>
			<ymax>139</ymax>
		</bndbox>
	</object>
</annotation>
