<annotation>
	<folder>train2</folder>
	<filename>cat.1040.jpg</filename>
	<path>D:\猫咪识别\train2\cat.1040.jpg</path>
	<source>
		<database>Unknown</database>
	</source>
	<size>
		<width>462</width>
		<height>431</height>
		<depth>3</depth>
	</size>
	<segmented>0</segmented>
	<object>
		<name>cat</name>
		<pose>Unspecified</pose>
		<truncated>0</truncated>
		<difficult>0</difficult>
		<bndbox>
			<xmin>84</xmin>
			<ymin>73</ymin>
			<xmax>301</xmax>
			<ymax>247</ymax>
		</bndbox>
	</object>
</annotation>
