<annotation>
	<folder>train2</folder>
	<filename>cat.1307.jpg</filename>
	<path>D:\猫咪识别\train2\cat.1307.jpg</path>
	<source>
		<database>Unknown</database>
	</source>
	<size>
		<width>499</width>
		<height>375</height>
		<depth>3</depth>
	</size>
	<segmented>0</segmented>
	<object>
		<name>cat</name>
		<pose>Unspecified</pose>
		<truncated>0</truncated>
		<difficult>0</difficult>
		<bndbox>
			<xmin>91</xmin>
			<ymin>30</ymin>
			<xmax>138</xmax>
			<ymax>75</ymax>
		</bndbox>
	</object>
	<object>
		<name>cat</name>
		<pose>Unspecified</pose>
		<truncated>0</truncated>
		<difficult>0</difficult>
		<bndbox>
			<xmin>194</xmin>
			<ymin>92</ymin>
			<xmax>232</xmax>
			<ymax>128</ymax>
		</bndbox>
	</object>
	<object>
		<name>cat</name>
		<pose>Unspecified</pose>
		<truncated>0</truncated>
		<difficult>0</difficult>
		<bndbox>
			<xmin>253</xmin>
			<ymin>227</ymin>
			<xmax>304</xmax>
			<ymax>277</ymax>
		</bndbox>
	</object>
</annotation>
