<annotation>
	<folder>train2</folder>
	<filename>cat.1161.jpg</filename>
	<path>D:\猫咪识别\train2\cat.1161.jpg</path>
	<source>
		<database>Unknown</database>
	</source>
	<size>
		<width>192</width>
		<height>180</height>
		<depth>3</depth>
	</size>
	<segmented>0</segmented>
	<object>
		<name>cat</name>
		<pose>Unspecified</pose>
		<truncated>0</truncated>
		<difficult>0</difficult>
		<bndbox>
			<xmin>129</xmin>
			<ymin>44</ymin>
			<xmax>182</xmax>
			<ymax>98</ymax>
		</bndbox>
	</object>
</annotation>
