<annotation>
	<folder>train2</folder>
	<filename>cat.1050.jpg</filename>
	<path>D:\猫咪识别\train2\cat.1050.jpg</path>
	<source>
		<database>Unknown</database>
	</source>
	<size>
		<width>429</width>
		<height>259</height>
		<depth>3</depth>
	</size>
	<segmented>0</segmented>
	<object>
		<name>cat</name>
		<pose>Unspecified</pose>
		<truncated>0</truncated>
		<difficult>0</difficult>
		<bndbox>
			<xmin>40</xmin>
			<ymin>36</ymin>
			<xmax>197</xmax>
			<ymax>163</ymax>
		</bndbox>
	</object>
	<object>
		<name>cat</name>
		<pose>Unspecified</pose>
		<truncated>0</truncated>
		<difficult>0</difficult>
		<bndbox>
			<xmin>268</xmin>
			<ymin>96</ymin>
			<xmax>416</xmax>
			<ymax>239</ymax>
		</bndbox>
	</object>
</annotation>
