<annotation>
	<folder>train2</folder>
	<filename>cat.1122.jpg</filename>
	<path>D:\猫咪识别\train2\cat.1122.jpg</path>
	<source>
		<database>Unknown</database>
	</source>
	<size>
		<width>450</width>
		<height>480</height>
		<depth>3</depth>
	</size>
	<segmented>0</segmented>
	<object>
		<name>cat</name>
		<pose>Unspecified</pose>
		<truncated>0</truncated>
		<difficult>0</difficult>
		<bndbox>
			<xmin>201</xmin>
			<ymin>146</ymin>
			<xmax>397</xmax>
			<ymax>344</ymax>
		</bndbox>
	</object>
</annotation>
