<annotation>
	<folder>train2</folder>
	<filename>cat.1192.jpg</filename>
	<path>D:\猫咪识别\train2\cat.1192.jpg</path>
	<source>
		<database>Unknown</database>
	</source>
	<size>
		<width>499</width>
		<height>367</height>
		<depth>3</depth>
	</size>
	<segmented>0</segmented>
	<object>
		<name>cat</name>
		<pose>Unspecified</pose>
		<truncated>0</truncated>
		<difficult>0</difficult>
		<bndbox>
			<xmin>332</xmin>
			<ymin>73</ymin>
			<xmax>422</xmax>
			<ymax>175</ymax>
		</bndbox>
	</object>
	<object>
		<name>cat</name>
		<pose>Unspecified</pose>
		<truncated>0</truncated>
		<difficult>0</difficult>
		<bndbox>
			<xmin>228</xmin>
			<ymin>256</ymin>
			<xmax>338</xmax>
			<ymax>361</ymax>
		</bndbox>
	</object>
	<object>
		<name>cat</name>
		<pose>Unspecified</pose>
		<truncated>0</truncated>
		<difficult>0</difficult>
		<bndbox>
			<xmin>276</xmin>
			<ymin>21</ymin>
			<xmax>363</xmax>
			<ymax>96</ymax>
		</bndbox>
	</object>
</annotation>
