<annotation>
	<folder>train2</folder>
	<filename>cat.1472.jpg</filename>
	<path>D:\猫咪识别\train2\cat.1472.jpg</path>
	<source>
		<database>Unknown</database>
	</source>
	<size>
		<width>499</width>
		<height>497</height>
		<depth>3</depth>
	</size>
	<segmented>0</segmented>
	<object>
		<name>cat</name>
		<pose>Unspecified</pose>
		<truncated>0</truncated>
		<difficult>0</difficult>
		<bndbox>
			<xmin>58</xmin>
			<ymin>37</ymin>
			<xmax>212</xmax>
			<ymax>186</ymax>
		</bndbox>
	</object>
	<object>
		<name>cat</name>
		<pose>Unspecified</pose>
		<truncated>0</truncated>
		<difficult>0</difficult>
		<bndbox>
			<xmin>242</xmin>
			<ymin>24</ymin>
			<xmax>420</xmax>
			<ymax>172</ymax>
		</bndbox>
	</object>
</annotation>
