<annotation>
	<folder>train2</folder>
	<filename>cat.1365.jpg</filename>
	<path>D:\猫咪识别\train2\cat.1365.jpg</path>
	<source>
		<database>Unknown</database>
	</source>
	<size>
		<width>278</width>
		<height>299</height>
		<depth>3</depth>
	</size>
	<segmented>0</segmented>
	<object>
		<name>cat</name>
		<pose>Unspecified</pose>
		<truncated>0</truncated>
		<difficult>0</difficult>
		<bndbox>
			<xmin>36</xmin>
			<ymin>31</ymin>
			<xmax>247</xmax>
			<ymax>239</ymax>
		</bndbox>
	</object>
</annotation>
