<annotation>
	<folder>train2</folder>
	<filename>cat.1351.jpg</filename>
	<path>D:\猫咪识别\train2\cat.1351.jpg</path>
	<source>
		<database>Unknown</database>
	</source>
	<size>
		<width>284</width>
		<height>499</height>
		<depth>3</depth>
	</size>
	<segmented>0</segmented>
	<object>
		<name>cat</name>
		<pose>Unspecified</pose>
		<truncated>0</truncated>
		<difficult>0</difficult>
		<bndbox>
			<xmin>25</xmin>
			<ymin>16</ymin>
			<xmax>224</xmax>
			<ymax>212</ymax>
		</bndbox>
	</object>
</annotation>
