<annotation>
	<folder>train2</folder>
	<filename>cat.1443.jpg</filename>
	<path>D:\猫咪识别\train2\cat.1443.jpg</path>
	<source>
		<database>Unknown</database>
	</source>
	<size>
		<width>465</width>
		<height>500</height>
		<depth>3</depth>
	</size>
	<segmented>0</segmented>
	<object>
		<name>cat</name>
		<pose>Unspecified</pose>
		<truncated>0</truncated>
		<difficult>0</difficult>
		<bndbox>
			<xmin>49</xmin>
			<ymin>95</ymin>
			<xmax>275</xmax>
			<ymax>304</ymax>
		</bndbox>
	</object>
</annotation>
