<annotation>
	<folder>train2</folder>
	<filename>cat.1134.jpg</filename>
	<path>D:\猫咪识别\train2\cat.1134.jpg</path>
	<source>
		<database>Unknown</database>
	</source>
	<size>
		<width>199</width>
		<height>219</height>
		<depth>3</depth>
	</size>
	<segmented>0</segmented>
	<object>
		<name>cat</name>
		<pose>Unspecified</pose>
		<truncated>0</truncated>
		<difficult>0</difficult>
		<bndbox>
			<xmin>25</xmin>
			<ymin>25</ymin>
			<xmax>190</xmax>
			<ymax>188</ymax>
		</bndbox>
	</object>
</annotation>
