<annotation>
	<folder>train2</folder>
	<filename>cat.1429.jpg</filename>
	<path>D:\猫咪识别\train2\cat.1429.jpg</path>
	<source>
		<database>Unknown</database>
	</source>
	<size>
		<width>499</width>
		<height>312</height>
		<depth>3</depth>
	</size>
	<segmented>0</segmented>
	<object>
		<name>cat</name>
		<pose>Unspecified</pose>
		<truncated>0</truncated>
		<difficult>0</difficult>
		<bndbox>
			<xmin>218</xmin>
			<ymin>134</ymin>
			<xmax>324</xmax>
			<ymax>227</ymax>
		</bndbox>
	</object>
	<object>
		<name>cat</name>
		<pose>Unspecified</pose>
		<truncated>0</truncated>
		<difficult>0</difficult>
		<bndbox>
			<xmin>16</xmin>
			<ymin>102</ymin>
			<xmax>102</xmax>
			<ymax>192</ymax>
		</bndbox>
	</object>
</annotation>
