<annotation>
	<folder>train2</folder>
	<filename>cat.1432.jpg</filename>
	<path>D:\猫咪识别\train2\cat.1432.jpg</path>
	<source>
		<database>Unknown</database>
	</source>
	<size>
		<width>500</width>
		<height>358</height>
		<depth>3</depth>
	</size>
	<segmented>0</segmented>
	<object>
		<name>cat</name>
		<pose>Unspecified</pose>
		<truncated>0</truncated>
		<difficult>0</difficult>
		<bndbox>
			<xmin>113</xmin>
			<ymin>26</ymin>
			<xmax>392</xmax>
			<ymax>250</ymax>
		</bndbox>
	</object>
</annotation>
