<annotation>
	<folder>train2</folder>
	<filename>cat.1210.jpg</filename>
	<path>D:\猫咪识别\train2\cat.1210.jpg</path>
	<source>
		<database>Unknown</database>
	</source>
	<size>
		<width>499</width>
		<height>375</height>
		<depth>3</depth>
	</size>
	<segmented>0</segmented>
	<object>
		<name>cat</name>
		<pose>Unspecified</pose>
		<truncated>0</truncated>
		<difficult>0</difficult>
		<bndbox>
			<xmin>43</xmin>
			<ymin>53</ymin>
			<xmax>176</xmax>
			<ymax>197</ymax>
		</bndbox>
	</object>
	<object>
		<name>cat</name>
		<pose>Unspecified</pose>
		<truncated>0</truncated>
		<difficult>0</difficult>
		<bndbox>
			<xmin>314</xmin>
			<ymin>61</ymin>
			<xmax>432</xmax>
			<ymax>186</ymax>
		</bndbox>
	</object>
</annotation>
