<annotation>
	<folder>train2</folder>
	<filename>cat.1496.jpg</filename>
	<path>D:\猫咪识别\train2\cat.1496.jpg</path>
	<source>
		<database>Unknown</database>
	</source>
	<size>
		<width>300</width>
		<height>226</height>
		<depth>3</depth>
	</size>
	<segmented>0</segmented>
	<object>
		<name>cat</name>
		<pose>Unspecified</pose>
		<truncated>0</truncated>
		<difficult>1</difficult>
		<bndbox>
			<xmin>29</xmin>
			<ymin>41</ymin>
			<xmax>145</xmax>
			<ymax>193</ymax>
		</bndbox>
	</object>
</annotation>
