<annotation>
	<folder>train2</folder>
	<filename>cat.1015.jpg</filename>
	<path>D:\猫咪识别\train2\cat.1015.jpg</path>
	<source>
		<database>Unknown</database>
	</source>
	<size>
		<width>499</width>
		<height>377</height>
		<depth>3</depth>
	</size>
	<segmented>0</segmented>
	<object>
		<name>cat</name>
		<pose>Unspecified</pose>
		<truncated>0</truncated>
		<difficult>0</difficult>
		<bndbox>
			<xmin>98</xmin>
			<ymin>63</ymin>
			<xmax>309</xmax>
			<ymax>245</ymax>
		</bndbox>
	</object>
</annotation>
