<annotation>
	<folder>train2</folder>
	<filename>cat.1215.jpg</filename>
	<path>D:\猫咪识别\train2\cat.1215.jpg</path>
	<source>
		<database>Unknown</database>
	</source>
	<size>
		<width>413</width>
		<height>458</height>
		<depth>3</depth>
	</size>
	<segmented>0</segmented>
	<object>
		<name>cat</name>
		<pose>Unspecified</pose>
		<truncated>0</truncated>
		<difficult>0</difficult>
		<bndbox>
			<xmin>159</xmin>
			<ymin>24</ymin>
			<xmax>263</xmax>
			<ymax>115</ymax>
		</bndbox>
	</object>
	<object>
		<name>cat</name>
		<pose>Unspecified</pose>
		<truncated>0</truncated>
		<difficult>0</difficult>
		<bndbox>
			<xmin>255</xmin>
			<ymin>33</ymin>
			<xmax>376</xmax>
			<ymax>131</ymax>
		</bndbox>
	</object>
</annotation>
