<annotation>
	<folder>train2</folder>
	<filename>cat.1481.jpg</filename>
	<path>D:\猫咪识别\train2\cat.1481.jpg</path>
	<source>
		<database>Unknown</database>
	</source>
	<size>
		<width>500</width>
		<height>373</height>
		<depth>3</depth>
	</size>
	<segmented>0</segmented>
	<object>
		<name>cat</name>
		<pose>Unspecified</pose>
		<truncated>0</truncated>
		<difficult>0</difficult>
		<bndbox>
			<xmin>235</xmin>
			<ymin>109</ymin>
			<xmax>339</xmax>
			<ymax>193</ymax>
		</bndbox>
	</object>
</annotation>
