<annotation>
	<folder>train2</folder>
	<filename>cat.1197.jpg</filename>
	<path>D:\猫咪识别\train2\cat.1197.jpg</path>
	<source>
		<database>Unknown</database>
	</source>
	<size>
		<width>500</width>
		<height>484</height>
		<depth>3</depth>
	</size>
	<segmented>0</segmented>
	<object>
		<name>cat</name>
		<pose>Unspecified</pose>
		<truncated>0</truncated>
		<difficult>0</difficult>
		<bndbox>
			<xmin>8</xmin>
			<ymin>177</ymin>
			<xmax>139</xmax>
			<ymax>311</ymax>
		</bndbox>
	</object>
</annotation>
