<annotation>
	<folder>train2</folder>
	<filename>cat.1287.jpg</filename>
	<path>D:\猫咪识别\train2\cat.1287.jpg</path>
	<source>
		<database>Unknown</database>
	</source>
	<size>
		<width>480</width>
		<height>358</height>
		<depth>3</depth>
	</size>
	<segmented>0</segmented>
	<object>
		<name>cat</name>
		<pose>Unspecified</pose>
		<truncated>0</truncated>
		<difficult>0</difficult>
		<bndbox>
			<xmin>234</xmin>
			<ymin>59</ymin>
			<xmax>399</xmax>
			<ymax>198</ymax>
		</bndbox>
	</object>
</annotation>
