<annotation>
	<folder>train2</folder>
	<filename>cat.1422.jpg</filename>
	<path>D:\猫咪识别\train2\cat.1422.jpg</path>
	<source>
		<database>Unknown</database>
	</source>
	<size>
		<width>427</width>
		<height>494</height>
		<depth>3</depth>
	</size>
	<segmented>0</segmented>
	<object>
		<name>cat</name>
		<pose>Unspecified</pose>
		<truncated>0</truncated>
		<difficult>0</difficult>
		<bndbox>
			<xmin>203</xmin>
			<ymin>141</ymin>
			<xmax>404</xmax>
			<ymax>334</ymax>
		</bndbox>
	</object>
</annotation>
