<annotation>
	<folder>train2</folder>
	<filename>cat.1242.jpg</filename>
	<path>D:\猫咪识别\train2\cat.1242.jpg</path>
	<source>
		<database>Unknown</database>
	</source>
	<size>
		<width>274</width>
		<height>302</height>
		<depth>3</depth>
	</size>
	<segmented>0</segmented>
	<object>
		<name>cat</name>
		<pose>Unspecified</pose>
		<truncated>0</truncated>
		<difficult>0</difficult>
		<bndbox>
			<xmin>179</xmin>
			<ymin>14</ymin>
			<xmax>266</xmax>
			<ymax>104</ymax>
		</bndbox>
	</object>
</annotation>
