<annotation>
	<folder>train2</folder>
	<filename>cat.1446.jpg</filename>
	<path>D:\猫咪识别\train2\cat.1446.jpg</path>
	<source>
		<database>Unknown</database>
	</source>
	<size>
		<width>424</width>
		<height>480</height>
		<depth>3</depth>
	</size>
	<segmented>0</segmented>
	<object>
		<name>cat</name>
		<pose>Unspecified</pose>
		<truncated>0</truncated>
		<difficult>0</difficult>
		<bndbox>
			<xmin>102</xmin>
			<ymin>173</ymin>
			<xmax>333</xmax>
			<ymax>346</ymax>
		</bndbox>
	</object>
</annotation>
