<annotation>
	<folder>train2</folder>
	<filename>cat.1444.jpg</filename>
	<path>D:\猫咪识别\train2\cat.1444.jpg</path>
	<source>
		<database>Unknown</database>
	</source>
	<size>
		<width>290</width>
		<height>264</height>
		<depth>3</depth>
	</size>
	<segmented>0</segmented>
	<object>
		<name>cat</name>
		<pose>Unspecified</pose>
		<truncated>0</truncated>
		<difficult>1</difficult>
		<bndbox>
			<xmin>196</xmin>
			<ymin>11</ymin>
			<xmax>280</xmax>
			<ymax>124</ymax>
		</bndbox>
	</object>
</annotation>
