<annotation>
	<folder>train2</folder>
	<filename>cat.1244.jpg</filename>
	<path>D:\猫咪识别\train2\cat.1244.jpg</path>
	<source>
		<database>Unknown</database>
	</source>
	<size>
		<width>408</width>
		<height>306</height>
		<depth>3</depth>
	</size>
	<segmented>0</segmented>
	<object>
		<name>cat</name>
		<pose>Unspecified</pose>
		<truncated>0</truncated>
		<difficult>0</difficult>
		<bndbox>
			<xmin>22</xmin>
			<ymin>31</ymin>
			<xmax>238</xmax>
			<ymax>217</ymax>
		</bndbox>
	</object>
</annotation>
