<annotation>
	<folder>train2</folder>
	<filename>cat.1408.jpg</filename>
	<path>D:\猫咪识别\train2\cat.1408.jpg</path>
	<source>
		<database>Unknown</database>
	</source>
	<size>
		<width>403</width>
		<height>323</height>
		<depth>3</depth>
	</size>
	<segmented>0</segmented>
	<object>
		<name>cat</name>
		<pose>Unspecified</pose>
		<truncated>0</truncated>
		<difficult>1</difficult>
		<bndbox>
			<xmin>197</xmin>
			<ymin>193</ymin>
			<xmax>289</xmax>
			<ymax>279</ymax>
		</bndbox>
	</object>
</annotation>
