<annotation>
	<folder>train2</folder>
	<filename>cat.1032.jpg</filename>
	<path>D:\猫咪识别\train2\cat.1032.jpg</path>
	<source>
		<database>Unknown</database>
	</source>
	<size>
		<width>500</width>
		<height>331</height>
		<depth>3</depth>
	</size>
	<segmented>0</segmented>
	<object>
		<name>cat</name>
		<pose>Unspecified</pose>
		<truncated>0</truncated>
		<difficult>0</difficult>
		<bndbox>
			<xmin>143</xmin>
			<ymin>65</ymin>
			<xmax>286</xmax>
			<ymax>189</ymax>
		</bndbox>
	</object>
	<object>
		<name>cat</name>
		<pose>Unspecified</pose>
		<truncated>0</truncated>
		<difficult>0</difficult>
		<bndbox>
			<xmin>281</xmin>
			<ymin>120</ymin>
			<xmax>468</xmax>
			<ymax>273</ymax>
		</bndbox>
	</object>
</annotation>
