<annotation>
	<folder>train2</folder>
	<filename>cat.1195.jpg</filename>
	<path>D:\猫咪识别\train2\cat.1195.jpg</path>
	<source>
		<database>Unknown</database>
	</source>
	<size>
		<width>500</width>
		<height>376</height>
		<depth>3</depth>
	</size>
	<segmented>0</segmented>
	<object>
		<name>cat</name>
		<pose>Unspecified</pose>
		<truncated>0</truncated>
		<difficult>0</difficult>
		<bndbox>
			<xmin>245</xmin>
			<ymin>136</ymin>
			<xmax>334</xmax>
			<ymax>209</ymax>
		</bndbox>
	</object>
</annotation>
