<annotation>
	<folder>train2</folder>
	<filename>cat.1315.jpg</filename>
	<path>D:\猫咪识别\train2\cat.1315.jpg</path>
	<source>
		<database>Unknown</database>
	</source>
	<size>
		<width>499</width>
		<height>375</height>
		<depth>3</depth>
	</size>
	<segmented>0</segmented>
	<object>
		<name>cat</name>
		<pose>Unspecified</pose>
		<truncated>0</truncated>
		<difficult>0</difficult>
		<bndbox>
			<xmin>42</xmin>
			<ymin>80</ymin>
			<xmax>227</xmax>
			<ymax>243</ymax>
		</bndbox>
	</object>
</annotation>
