<annotation>
	<folder>train2</folder>
	<filename>cat.1047.jpg</filename>
	<path>D:\猫咪识别\train2\cat.1047.jpg</path>
	<source>
		<database>Unknown</database>
	</source>
	<size>
		<width>382</width>
		<height>500</height>
		<depth>3</depth>
	</size>
	<segmented>0</segmented>
	<object>
		<name>cat</name>
		<pose>Unspecified</pose>
		<truncated>0</truncated>
		<difficult>0</difficult>
		<bndbox>
			<xmin>16</xmin>
			<ymin>22</ymin>
			<xmax>256</xmax>
			<ymax>231</ymax>
		</bndbox>
	</object>
</annotation>
