<annotation>
	<folder>train2</folder>
	<filename>cat.1375.jpg</filename>
	<path>D:\猫咪识别\train2\cat.1375.jpg</path>
	<source>
		<database>Unknown</database>
	</source>
	<size>
		<width>274</width>
		<height>270</height>
		<depth>3</depth>
	</size>
	<segmented>0</segmented>
	<object>
		<name>cat</name>
		<pose>Unspecified</pose>
		<truncated>0</truncated>
		<difficult>0</difficult>
		<bndbox>
			<xmin>72</xmin>
			<ymin>47</ymin>
			<xmax>154</xmax>
			<ymax>115</ymax>
		</bndbox>
	</object>
	<object>
		<name>cat</name>
		<pose>Unspecified</pose>
		<truncated>0</truncated>
		<difficult>0</difficult>
		<bndbox>
			<xmin>178</xmin>
			<ymin>38</ymin>
			<xmax>263</xmax>
			<ymax>129</ymax>
		</bndbox>
	</object>
</annotation>
