<annotation>
	<folder>train2</folder>
	<filename>cat.1104.jpg</filename>
	<path>D:\猫咪识别\train2\cat.1104.jpg</path>
	<source>
		<database>Unknown</database>
	</source>
	<size>
		<width>445</width>
		<height>499</height>
		<depth>3</depth>
	</size>
	<segmented>0</segmented>
	<object>
		<name>cat</name>
		<pose>Unspecified</pose>
		<truncated>0</truncated>
		<difficult>1</difficult>
		<bndbox>
			<xmin>100</xmin>
			<ymin>31</ymin>
			<xmax>254</xmax>
			<ymax>155</ymax>
		</bndbox>
	</object>
</annotation>
