<annotation>
	<folder>train2</folder>
	<filename>cat.1076.jpg</filename>
	<path>D:\猫咪识别\train2\cat.1076.jpg</path>
	<source>
		<database>Unknown</database>
	</source>
	<size>
		<width>300</width>
		<height>224</height>
		<depth>3</depth>
	</size>
	<segmented>0</segmented>
	<object>
		<name>cat</name>
		<pose>Unspecified</pose>
		<truncated>0</truncated>
		<difficult>0</difficult>
		<bndbox>
			<xmin>84</xmin>
			<ymin>34</ymin>
			<xmax>185</xmax>
			<ymax>138</ymax>
		</bndbox>
	</object>
</annotation>
