<annotation>
	<folder>train2</folder>
	<filename>cat.1017.jpg</filename>
	<path>D:\猫咪识别\train2\cat.1017.jpg</path>
	<source>
		<database>Unknown</database>
	</source>
	<size>
		<width>238</width>
		<height>240</height>
		<depth>3</depth>
	</size>
	<segmented>0</segmented>
	<object>
		<name>cat</name>
		<pose>Unspecified</pose>
		<truncated>0</truncated>
		<difficult>0</difficult>
		<bndbox>
			<xmin>35</xmin>
			<ymin>36</ymin>
			<xmax>212</xmax>
			<ymax>199</ymax>
		</bndbox>
	</object>
</annotation>
