<annotation>
	<folder>train2</folder>
	<filename>cat.1123.jpg</filename>
	<path>D:\猫咪识别\train2\cat.1123.jpg</path>
	<source>
		<database>Unknown</database>
	</source>
	<size>
		<width>499</width>
		<height>409</height>
		<depth>3</depth>
	</size>
	<segmented>0</segmented>
	<object>
		<name>cat</name>
		<pose>Unspecified</pose>
		<truncated>0</truncated>
		<difficult>1</difficult>
		<bndbox>
			<xmin>123</xmin>
			<ymin>70</ymin>
			<xmax>249</xmax>
			<ymax>190</ymax>
		</bndbox>
	</object>
</annotation>
