<annotation>
	<folder>train2</folder>
	<filename>cat.1261.jpg</filename>
	<path>D:\猫咪识别\train2\cat.1261.jpg</path>
	<source>
		<database>Unknown</database>
	</source>
	<size>
		<width>499</width>
		<height>435</height>
		<depth>3</depth>
	</size>
	<segmented>0</segmented>
	<object>
		<name>cat</name>
		<pose>Unspecified</pose>
		<truncated>0</truncated>
		<difficult>0</difficult>
		<bndbox>
			<xmin>184</xmin>
			<ymin>49</ymin>
			<xmax>310</xmax>
			<ymax>143</ymax>
		</bndbox>
	</object>
	<object>
		<name>cat</name>
		<pose>Unspecified</pose>
		<truncated>0</truncated>
		<difficult>0</difficult>
		<bndbox>
			<xmin>303</xmin>
			<ymin>100</ymin>
			<xmax>442</xmax>
			<ymax>230</ymax>
		</bndbox>
	</object>
	<object>
		<name>cat</name>
		<pose>Unspecified</pose>
		<truncated>0</truncated>
		<difficult>0</difficult>
		<bndbox>
			<xmin>167</xmin>
			<ymin>168</ymin>
			<xmax>328</xmax>
			<ymax>299</ymax>
		</bndbox>
	</object>
</annotation>
