<annotation>
	<folder>train2</folder>
	<filename>cat.1270.jpg</filename>
	<path>D:\猫咪识别\train2\cat.1270.jpg</path>
	<source>
		<database>Unknown</database>
	</source>
	<size>
		<width>500</width>
		<height>426</height>
		<depth>3</depth>
	</size>
	<segmented>0</segmented>
	<object>
		<name>cat</name>
		<pose>Unspecified</pose>
		<truncated>0</truncated>
		<difficult>0</difficult>
		<bndbox>
			<xmin>68</xmin>
			<ymin>69</ymin>
			<xmax>438</xmax>
			<ymax>388</ymax>
		</bndbox>
	</object>
</annotation>
