<annotation>
	<folder>train2</folder>
	<filename>cat.1180.jpg</filename>
	<path>D:\猫咪识别\train2\cat.1180.jpg</path>
	<source>
		<database>Unknown</database>
	</source>
	<size>
		<width>319</width>
		<height>240</height>
		<depth>3</depth>
	</size>
	<segmented>0</segmented>
	<object>
		<name>cat</name>
		<pose>Unspecified</pose>
		<truncated>0</truncated>
		<difficult>1</difficult>
		<bndbox>
			<xmin>269</xmin>
			<ymin>51</ymin>
			<xmax>317</xmax>
			<ymax>135</ymax>
		</bndbox>
	</object>
</annotation>
