<annotation>
	<folder>train2</folder>
	<filename>cat.1267.jpg</filename>
	<path>D:\猫咪识别\train2\cat.1267.jpg</path>
	<source>
		<database>Unknown</database>
	</source>
	<size>
		<width>149</width>
		<height>113</height>
		<depth>3</depth>
	</size>
	<segmented>0</segmented>
	<object>
		<name>cat</name>
		<pose>Unspecified</pose>
		<truncated>0</truncated>
		<difficult>0</difficult>
		<bndbox>
			<xmin>17</xmin>
			<ymin>12</ymin>
			<xmax>96</xmax>
			<ymax>77</ymax>
		</bndbox>
	</object>
</annotation>
