<annotation>
	<folder>train2</folder>
	<filename>cat.1088.jpg</filename>
	<path>D:\猫咪识别\train2\cat.1088.jpg</path>
	<source>
		<database>Unknown</database>
	</source>
	<size>
		<width>360</width>
		<height>269</height>
		<depth>3</depth>
	</size>
	<segmented>0</segmented>
	<object>
		<name>cat</name>
		<pose>Unspecified</pose>
		<truncated>0</truncated>
		<difficult>0</difficult>
		<bndbox>
			<xmin>82</xmin>
			<ymin>24</ymin>
			<xmax>181</xmax>
			<ymax>108</ymax>
		</bndbox>
	</object>
</annotation>
