<annotation>
	<folder>train2</folder>
	<filename>cat.1149.jpg</filename>
	<path>D:\猫咪识别\train2\cat.1149.jpg</path>
	<source>
		<database>Unknown</database>
	</source>
	<size>
		<width>319</width>
		<height>240</height>
		<depth>3</depth>
	</size>
	<segmented>0</segmented>
	<object>
		<name>cat</name>
		<pose>Unspecified</pose>
		<truncated>0</truncated>
		<difficult>0</difficult>
		<bndbox>
			<xmin>19</xmin>
			<ymin>64</ymin>
			<xmax>161</xmax>
			<ymax>182</ymax>
		</bndbox>
	</object>
</annotation>
