<annotation>
	<folder>train2</folder>
	<filename>cat.1168.jpg</filename>
	<path>D:\猫咪识别\train2\cat.1168.jpg</path>
	<source>
		<database>Unknown</database>
	</source>
	<size>
		<width>500</width>
		<height>374</height>
		<depth>3</depth>
	</size>
	<segmented>0</segmented>
	<object>
		<name>cat</name>
		<pose>Unspecified</pose>
		<truncated>0</truncated>
		<difficult>1</difficult>
		<bndbox>
			<xmin>79</xmin>
			<ymin>40</ymin>
			<xmax>352</xmax>
			<ymax>255</ymax>
		</bndbox>
	</object>
</annotation>
