<annotation>
	<folder>train2</folder>
	<filename>cat.1068.jpg</filename>
	<path>D:\猫咪识别\train2\cat.1068.jpg</path>
	<source>
		<database>Unknown</database>
	</source>
	<size>
		<width>407</width>
		<height>398</height>
		<depth>3</depth>
	</size>
	<segmented>0</segmented>
	<object>
		<name>cat</name>
		<pose>Unspecified</pose>
		<truncated>0</truncated>
		<difficult>0</difficult>
		<bndbox>
			<xmin>176</xmin>
			<ymin>20</ymin>
			<xmax>401</xmax>
			<ymax>238</ymax>
		</bndbox>
	</object>
</annotation>
