<annotation>
	<folder>train2</folder>
	<filename>cat.1272.jpg</filename>
	<path>D:\猫咪识别\train2\cat.1272.jpg</path>
	<source>
		<database>Unknown</database>
	</source>
	<size>
		<width>319</width>
		<height>240</height>
		<depth>3</depth>
	</size>
	<segmented>0</segmented>
	<object>
		<name>cat</name>
		<pose>Unspecified</pose>
		<truncated>0</truncated>
		<difficult>0</difficult>
		<bndbox>
			<xmin>103</xmin>
			<ymin>42</ymin>
			<xmax>260</xmax>
			<ymax>180</ymax>
		</bndbox>
	</object>
</annotation>
