<annotation>
	<folder>train2</folder>
	<filename>cat.1339.jpg</filename>
	<path>D:\猫咪识别\train2\cat.1339.jpg</path>
	<source>
		<database>Unknown</database>
	</source>
	<size>
		<width>484</width>
		<height>457</height>
		<depth>3</depth>
	</size>
	<segmented>0</segmented>
	<object>
		<name>cat</name>
		<pose>Unspecified</pose>
		<truncated>0</truncated>
		<difficult>0</difficult>
		<bndbox>
			<xmin>116</xmin>
			<ymin>89</ymin>
			<xmax>367</xmax>
			<ymax>335</ymax>
		</bndbox>
	</object>
</annotation>
