<annotation>
	<folder>train2</folder>
	<filename>cat.1461.jpg</filename>
	<path>D:\猫咪识别\train2\cat.1461.jpg</path>
	<source>
		<database>Unknown</database>
	</source>
	<size>
		<width>185</width>
		<height>109</height>
		<depth>3</depth>
	</size>
	<segmented>0</segmented>
	<object>
		<name>cat</name>
		<pose>Unspecified</pose>
		<truncated>0</truncated>
		<difficult>0</difficult>
		<bndbox>
			<xmin>86</xmin>
			<ymin>19</ymin>
			<xmax>179</xmax>
			<ymax>100</ymax>
		</bndbox>
	</object>
</annotation>
