<annotation>
	<folder>train2</folder>
	<filename>cat.1385.jpg</filename>
	<path>D:\猫咪识别\train2\cat.1385.jpg</path>
	<source>
		<database>Unknown</database>
	</source>
	<size>
		<width>347</width>
		<height>499</height>
		<depth>3</depth>
	</size>
	<segmented>0</segmented>
	<object>
		<name>cat</name>
		<pose>Unspecified</pose>
		<truncated>0</truncated>
		<difficult>0</difficult>
		<bndbox>
			<xmin>46</xmin>
			<ymin>22</ymin>
			<xmax>204</xmax>
			<ymax>170</ymax>
		</bndbox>
	</object>
	<object>
		<name>cat</name>
		<pose>Unspecified</pose>
		<truncated>0</truncated>
		<difficult>0</difficult>
		<bndbox>
			<xmin>204</xmin>
			<ymin>56</ymin>
			<xmax>310</xmax>
			<ymax>168</ymax>
		</bndbox>
	</object>
</annotation>
