<annotation>
	<folder>train2</folder>
	<filename>cat.1439.jpg</filename>
	<path>D:\猫咪识别\train2\cat.1439.jpg</path>
	<source>
		<database>Unknown</database>
	</source>
	<size>
		<width>309</width>
		<height>231</height>
		<depth>3</depth>
	</size>
	<segmented>0</segmented>
	<object>
		<name>cat</name>
		<pose>Unspecified</pose>
		<truncated>0</truncated>
		<difficult>0</difficult>
		<bndbox>
			<xmin>61</xmin>
			<ymin>9</ymin>
			<xmax>210</xmax>
			<ymax>113</ymax>
		</bndbox>
	</object>
</annotation>
