<annotation>
	<folder>train2</folder>
	<filename>cat.1348.jpg</filename>
	<path>D:\猫咪识别\train2\cat.1348.jpg</path>
	<source>
		<database>Unknown</database>
	</source>
	<size>
		<width>309</width>
		<height>455</height>
		<depth>3</depth>
	</size>
	<segmented>0</segmented>
	<object>
		<name>cat</name>
		<pose>Unspecified</pose>
		<truncated>0</truncated>
		<difficult>0</difficult>
		<bndbox>
			<xmin>32</xmin>
			<ymin>10</ymin>
			<xmax>180</xmax>
			<ymax>126</ymax>
		</bndbox>
	</object>
</annotation>
