<annotation>
	<folder>train2</folder>
	<filename>cat.1235.jpg</filename>
	<path>D:\猫咪识别\train2\cat.1235.jpg</path>
	<source>
		<database>Unknown</database>
	</source>
	<size>
		<width>499</width>
		<height>327</height>
		<depth>3</depth>
	</size>
	<segmented>0</segmented>
	<object>
		<name>cat</name>
		<pose>Unspecified</pose>
		<truncated>0</truncated>
		<difficult>0</difficult>
		<bndbox>
			<xmin>346</xmin>
			<ymin>40</ymin>
			<xmax>465</xmax>
			<ymax>142</ymax>
		</bndbox>
	</object>
</annotation>
