<annotation>
	<folder>train2</folder>
	<filename>cat.1145.jpg</filename>
	<path>D:\猫咪识别\train2\cat.1145.jpg</path>
	<source>
		<database>Unknown</database>
	</source>
	<size>
		<width>500</width>
		<height>333</height>
		<depth>3</depth>
	</size>
	<segmented>0</segmented>
	<object>
		<name>cat</name>
		<pose>Unspecified</pose>
		<truncated>0</truncated>
		<difficult>1</difficult>
		<bndbox>
			<xmin>168</xmin>
			<ymin>45</ymin>
			<xmax>277</xmax>
			<ymax>119</ymax>
		</bndbox>
	</object>
</annotation>
