<annotation>
	<folder>train2</folder>
	<filename>cat.1396.jpg</filename>
	<path>D:\猫咪识别\train2\cat.1396.jpg</path>
	<source>
		<database>Unknown</database>
	</source>
	<size>
		<width>441</width>
		<height>473</height>
		<depth>3</depth>
	</size>
	<segmented>0</segmented>
	<object>
		<name>cat</name>
		<pose>Unspecified</pose>
		<truncated>0</truncated>
		<difficult>0</difficult>
		<bndbox>
			<xmin>218</xmin>
			<ymin>17</ymin>
			<xmax>412</xmax>
			<ymax>186</ymax>
		</bndbox>
	</object>
</annotation>
