<annotation>
	<folder>train2</folder>
	<filename>cat.1226.jpg</filename>
	<path>D:\猫咪识别\train2\cat.1226.jpg</path>
	<source>
		<database>Unknown</database>
	</source>
	<size>
		<width>277</width>
		<height>322</height>
		<depth>3</depth>
	</size>
	<segmented>0</segmented>
	<object>
		<name>cat</name>
		<pose>Unspecified</pose>
		<truncated>0</truncated>
		<difficult>1</difficult>
		<bndbox>
			<xmin>35</xmin>
			<ymin>31</ymin>
			<xmax>100</xmax>
			<ymax>74</ymax>
		</bndbox>
	</object>
</annotation>
