<annotation>
	<folder>train2</folder>
	<filename>cat.1342.jpg</filename>
	<path>D:\猫咪识别\train2\cat.1342.jpg</path>
	<source>
		<database>Unknown</database>
	</source>
	<size>
		<width>350</width>
		<height>330</height>
		<depth>3</depth>
	</size>
	<segmented>0</segmented>
	<object>
		<name>cat</name>
		<pose>Unspecified</pose>
		<truncated>1</truncated>
		<difficult>1</difficult>
		<bndbox>
			<xmin>85</xmin>
			<ymin>1</ymin>
			<xmax>340</xmax>
			<ymax>74</ymax>
		</bndbox>
	</object>
</annotation>
