<annotation>
	<folder>train2</folder>
	<filename>cat.1000.jpg</filename>
	<path>D:\猫咪识别\train2\cat.1000.jpg</path>
	<source>
		<database>Unknown</database>
	</source>
	<size>
		<width>150</width>
		<height>149</height>
		<depth>3</depth>
	</size>
	<segmented>0</segmented>
	<object>
		<name>cat</name>
		<pose>Unspecified</pose>
		<truncated>0</truncated>
		<difficult>0</difficult>
		<bndbox>
			<xmin>33</xmin>
			<ymin>6</ymin>
			<xmax>109</xmax>
			<ymax>78</ymax>
		</bndbox>
	</object>
</annotation>
