<annotation>
	<folder>train2</folder>
	<filename>cat.1476.jpg</filename>
	<path>D:\猫咪识别\train2\cat.1476.jpg</path>
	<source>
		<database>Unknown</database>
	</source>
	<size>
		<width>480</width>
		<height>429</height>
		<depth>3</depth>
	</size>
	<segmented>0</segmented>
	<object>
		<name>cat</name>
		<pose>Unspecified</pose>
		<truncated>0</truncated>
		<difficult>1</difficult>
		<bndbox>
			<xmin>98</xmin>
			<ymin>229</ymin>
			<xmax>165</xmax>
			<ymax>326</ymax>
		</bndbox>
	</object>
</annotation>
