<annotation>
	<folder>train2</folder>
	<filename>cat.1049.jpg</filename>
	<path>D:\猫咪识别\train2\cat.1049.jpg</path>
	<source>
		<database>Unknown</database>
	</source>
	<size>
		<width>500</width>
		<height>374</height>
		<depth>3</depth>
	</size>
	<segmented>0</segmented>
	<object>
		<name>cat</name>
		<pose>Unspecified</pose>
		<truncated>0</truncated>
		<difficult>0</difficult>
		<bndbox>
			<xmin>209</xmin>
			<ymin>157</ymin>
			<xmax>277</xmax>
			<ymax>243</ymax>
		</bndbox>
	</object>
	<object>
		<name>cat</name>
		<pose>Unspecified</pose>
		<truncated>0</truncated>
		<difficult>0</difficult>
		<bndbox>
			<xmin>267</xmin>
			<ymin>211</ymin>
			<xmax>356</xmax>
			<ymax>293</ymax>
		</bndbox>
	</object>
	<object>
		<name>cat</name>
		<pose>Unspecified</pose>
		<truncated>0</truncated>
		<difficult>0</difficult>
		<bndbox>
			<xmin>350</xmin>
			<ymin>126</ymin>
			<xmax>453</xmax>
			<ymax>216</ymax>
		</bndbox>
	</object>
</annotation>
