<annotation>
	<folder>train2</folder>
	<filename>cat.1259.jpg</filename>
	<path>D:\猫咪识别\train2\cat.1259.jpg</path>
	<source>
		<database>Unknown</database>
	</source>
	<size>
		<width>320</width>
		<height>223</height>
		<depth>3</depth>
	</size>
	<segmented>0</segmented>
	<object>
		<name>cat</name>
		<pose>Unspecified</pose>
		<truncated>0</truncated>
		<difficult>0</difficult>
		<bndbox>
			<xmin>101</xmin>
			<ymin>16</ymin>
			<xmax>209</xmax>
			<ymax>105</ymax>
		</bndbox>
	</object>
</annotation>
