<annotation>
	<folder>train2</folder>
	<filename>cat.1497.jpg</filename>
	<path>D:\猫咪识别\train2\cat.1497.jpg</path>
	<source>
		<database>Unknown</database>
	</source>
	<size>
		<width>469</width>
		<height>351</height>
		<depth>3</depth>
	</size>
	<segmented>0</segmented>
	<object>
		<name>cat</name>
		<pose>Unspecified</pose>
		<truncated>0</truncated>
		<difficult>0</difficult>
		<bndbox>
			<xmin>311</xmin>
			<ymin>222</ymin>
			<xmax>406</xmax>
			<ymax>291</ymax>
		</bndbox>
	</object>
	<object>
		<name>cat</name>
		<pose>Unspecified</pose>
		<truncated>0</truncated>
		<difficult>0</difficult>
		<bndbox>
			<xmin>52</xmin>
			<ymin>55</ymin>
			<xmax>131</xmax>
			<ymax>130</ymax>
		</bndbox>
	</object>
	<object>
		<name>cat</name>
		<pose>Unspecified</pose>
		<truncated>0</truncated>
		<difficult>0</difficult>
		<bndbox>
			<xmin>245</xmin>
			<ymin>113</ymin>
			<xmax>301</xmax>
			<ymax>179</ymax>
		</bndbox>
	</object>
</annotation>
