<annotation>
	<folder>train2</folder>
	<filename>cat.1327.jpg</filename>
	<path>D:\猫咪识别\train2\cat.1327.jpg</path>
	<source>
		<database>Unknown</database>
	</source>
	<size>
		<width>302</width>
		<height>274</height>
		<depth>3</depth>
	</size>
	<segmented>0</segmented>
	<object>
		<name>cat</name>
		<pose>Unspecified</pose>
		<truncated>1</truncated>
		<difficult>0</difficult>
		<bndbox>
			<xmin>102</xmin>
			<ymin>26</ymin>
			<xmax>302</xmax>
			<ymax>229</ymax>
		</bndbox>
	</object>
</annotation>
