<annotation>
	<folder>train2</folder>
	<filename>cat.1265.jpg</filename>
	<path>D:\猫咪识别\train2\cat.1265.jpg</path>
	<source>
		<database>Unknown</database>
	</source>
	<size>
		<width>499</width>
		<height>333</height>
		<depth>3</depth>
	</size>
	<segmented>0</segmented>
	<object>
		<name>cat</name>
		<pose>Unspecified</pose>
		<truncated>0</truncated>
		<difficult>0</difficult>
		<bndbox>
			<xmin>134</xmin>
			<ymin>64</ymin>
			<xmax>302</xmax>
			<ymax>196</ymax>
		</bndbox>
	</object>
</annotation>
