<annotation>
	<folder>train2</folder>
	<filename>cat.1412.jpg</filename>
	<path>D:\猫咪识别\train2\cat.1412.jpg</path>
	<source>
		<database>Unknown</database>
	</source>
	<size>
		<width>295</width>
		<height>255</height>
		<depth>3</depth>
	</size>
	<segmented>0</segmented>
	<object>
		<name>cat</name>
		<pose>Unspecified</pose>
		<truncated>0</truncated>
		<difficult>0</difficult>
		<bndbox>
			<xmin>122</xmin>
			<ymin>2</ymin>
			<xmax>211</xmax>
			<ymax>65</ymax>
		</bndbox>
	</object>
</annotation>
