<annotation>
	<folder>train2</folder>
	<filename>cat.1100.jpg</filename>
	<path>D:\猫咪识别\train2\cat.1100.jpg</path>
	<source>
		<database>Unknown</database>
	</source>
	<size>
		<width>499</width>
		<height>460</height>
		<depth>3</depth>
	</size>
	<segmented>0</segmented>
	<object>
		<name>cat</name>
		<pose>Unspecified</pose>
		<truncated>0</truncated>
		<difficult>1</difficult>
		<bndbox>
			<xmin>83</xmin>
			<ymin>61</ymin>
			<xmax>337</xmax>
			<ymax>240</ymax>
		</bndbox>
	</object>
</annotation>
