<annotation>
	<folder>train2</folder>
	<filename>cat.1151.jpg</filename>
	<path>D:\猫咪识别\train2\cat.1151.jpg</path>
	<source>
		<database>Unknown</database>
	</source>
	<size>
		<width>238</width>
		<height>216</height>
		<depth>3</depth>
	</size>
	<segmented>0</segmented>
	<object>
		<name>cat</name>
		<pose>Unspecified</pose>
		<truncated>0</truncated>
		<difficult>0</difficult>
		<bndbox>
			<xmin>141</xmin>
			<ymin>33</ymin>
			<xmax>225</xmax>
			<ymax>109</ymax>
		</bndbox>
	</object>
	<object>
		<name>cat</name>
		<pose>Unspecified</pose>
		<truncated>0</truncated>
		<difficult>0</difficult>
		<bndbox>
			<xmin>5</xmin>
			<ymin>31</ymin>
			<xmax>100</xmax>
			<ymax>90</ymax>
		</bndbox>
	</object>
</annotation>
