<annotation>
	<folder>train2</folder>
	<filename>cat.1362.jpg</filename>
	<path>D:\猫咪识别\train2\cat.1362.jpg</path>
	<source>
		<database>Unknown</database>
	</source>
	<size>
		<width>495</width>
		<height>500</height>
		<depth>3</depth>
	</size>
	<segmented>0</segmented>
	<object>
		<name>cat</name>
		<pose>Unspecified</pose>
		<truncated>0</truncated>
		<difficult>0</difficult>
		<bndbox>
			<xmin>24</xmin>
			<ymin>21</ymin>
			<xmax>188</xmax>
			<ymax>195</ymax>
		</bndbox>
	</object>
</annotation>
