<annotation>
	<folder>train2</folder>
	<filename>cat.1233.jpg</filename>
	<path>D:\猫咪识别\train2\cat.1233.jpg</path>
	<source>
		<database>Unknown</database>
	</source>
	<size>
		<width>410</width>
		<height>307</height>
		<depth>3</depth>
	</size>
	<segmented>0</segmented>
	<object>
		<name>cat</name>
		<pose>Unspecified</pose>
		<truncated>0</truncated>
		<difficult>1</difficult>
		<bndbox>
			<xmin>59</xmin>
			<ymin>95</ymin>
			<xmax>209</xmax>
			<ymax>225</ymax>
		</bndbox>
	</object>
</annotation>
