<annotation>
	<folder>train2</folder>
	<filename>cat.1428.jpg</filename>
	<path>D:\猫咪识别\train2\cat.1428.jpg</path>
	<source>
		<database>Unknown</database>
	</source>
	<size>
		<width>499</width>
		<height>333</height>
		<depth>3</depth>
	</size>
	<segmented>0</segmented>
	<object>
		<name>cat</name>
		<pose>Unspecified</pose>
		<truncated>0</truncated>
		<difficult>0</difficult>
		<bndbox>
			<xmin>182</xmin>
			<ymin>16</ymin>
			<xmax>327</xmax>
			<ymax>145</ymax>
		</bndbox>
	</object>
</annotation>
