<annotation>
	<folder>train2</folder>
	<filename>cat.1369.jpg</filename>
	<path>D:\猫咪识别\train2\cat.1369.jpg</path>
	<source>
		<database>Unknown</database>
	</source>
	<size>
		<width>150</width>
		<height>166</height>
		<depth>3</depth>
	</size>
	<segmented>0</segmented>
	<object>
		<name>cat</name>
		<pose>Unspecified</pose>
		<truncated>0</truncated>
		<difficult>0</difficult>
		<bndbox>
			<xmin>11</xmin>
			<ymin>13</ymin>
			<xmax>144</xmax>
			<ymax>136</ymax>
		</bndbox>
	</object>
</annotation>
