<annotation>
	<folder>train2</folder>
	<filename>cat.1383.jpg</filename>
	<path>D:\猫咪识别\train2\cat.1383.jpg</path>
	<source>
		<database>Unknown</database>
	</source>
	<size>
		<width>250</width>
		<height>187</height>
		<depth>3</depth>
	</size>
	<segmented>0</segmented>
	<object>
		<name>cat</name>
		<pose>Unspecified</pose>
		<truncated>0</truncated>
		<difficult>0</difficult>
		<bndbox>
			<xmin>57</xmin>
			<ymin>6</ymin>
			<xmax>212</xmax>
			<ymax>130</ymax>
		</bndbox>
	</object>
</annotation>
