<annotation>
	<folder>train2</folder>
	<filename>cat.1374.jpg</filename>
	<path>D:\猫咪识别\train2\cat.1374.jpg</path>
	<source>
		<database>Unknown</database>
	</source>
	<size>
		<width>399</width>
		<height>497</height>
		<depth>3</depth>
	</size>
	<segmented>0</segmented>
	<object>
		<name>cat</name>
		<pose>Unspecified</pose>
		<truncated>0</truncated>
		<difficult>0</difficult>
		<bndbox>
			<xmin>49</xmin>
			<ymin>48</ymin>
			<xmax>362</xmax>
			<ymax>307</ymax>
		</bndbox>
	</object>
</annotation>
