<annotation>
	<folder>train2</folder>
	<filename>cat.1347.jpg</filename>
	<path>D:\猫咪识别\train2\cat.1347.jpg</path>
	<source>
		<database>Unknown</database>
	</source>
	<size>
		<width>137</width>
		<height>216</height>
		<depth>3</depth>
	</size>
	<segmented>0</segmented>
	<object>
		<name>cat</name>
		<pose>Unspecified</pose>
		<truncated>0</truncated>
		<difficult>0</difficult>
		<bndbox>
			<xmin>7</xmin>
			<ymin>13</ymin>
			<xmax>123</xmax>
			<ymax>111</ymax>
		</bndbox>
	</object>
</annotation>
