<annotation>
	<folder>train2</folder>
	<filename>cat.1335.jpg</filename>
	<path>D:\猫咪识别\train2\cat.1335.jpg</path>
	<source>
		<database>Unknown</database>
	</source>
	<size>
		<width>480</width>
		<height>359</height>
		<depth>3</depth>
	</size>
	<segmented>0</segmented>
	<object>
		<name>cat</name>
		<pose>Unspecified</pose>
		<truncated>0</truncated>
		<difficult>0</difficult>
		<bndbox>
			<xmin>233</xmin>
			<ymin>39</ymin>
			<xmax>470</xmax>
			<ymax>229</ymax>
		</bndbox>
	</object>
</annotation>
