<annotation>
	<folder>train2</folder>
	<filename>cat.1162.jpg</filename>
	<path>D:\猫咪识别\train2\cat.1162.jpg</path>
	<source>
		<database>Unknown</database>
	</source>
	<size>
		<width>400</width>
		<height>393</height>
		<depth>3</depth>
	</size>
	<segmented>0</segmented>
	<object>
		<name>cat</name>
		<pose>Unspecified</pose>
		<truncated>0</truncated>
		<difficult>0</difficult>
		<bndbox>
			<xmin>30</xmin>
			<ymin>87</ymin>
			<xmax>319</xmax>
			<ymax>315</ymax>
		</bndbox>
	</object>
</annotation>
