<annotation>
	<folder>train2</folder>
	<filename>cat.1417.jpg</filename>
	<path>D:\猫咪识别\train2\cat.1417.jpg</path>
	<source>
		<database>Unknown</database>
	</source>
	<size>
		<width>499</width>
		<height>375</height>
		<depth>3</depth>
	</size>
	<segmented>0</segmented>
	<object>
		<name>cat</name>
		<pose>Unspecified</pose>
		<truncated>0</truncated>
		<difficult>1</difficult>
		<bndbox>
			<xmin>192</xmin>
			<ymin>131</ymin>
			<xmax>318</xmax>
			<ymax>287</ymax>
		</bndbox>
	</object>
</annotation>
