<annotation>
	<folder>train2</folder>
	<filename>cat.1003.jpg</filename>
	<path>D:\猫咪识别\train2\cat.1003.jpg</path>
	<source>
		<database>Unknown</database>
	</source>
	<size>
		<width>259</width>
		<height>269</height>
		<depth>3</depth>
	</size>
	<segmented>0</segmented>
	<object>
		<name>cat</name>
		<pose>Unspecified</pose>
		<truncated>0</truncated>
		<difficult>0</difficult>
		<bndbox>
			<xmin>137</xmin>
			<ymin>60</ymin>
			<xmax>237</xmax>
			<ymax>221</ymax>
		</bndbox>
	</object>
</annotation>
