<annotation>
	<folder>train2</folder>
	<filename>cat.1279.jpg</filename>
	<path>D:\猫咪识别\train2\cat.1279.jpg</path>
	<source>
		<database>Unknown</database>
	</source>
	<size>
		<width>415</width>
		<height>500</height>
		<depth>3</depth>
	</size>
	<segmented>0</segmented>
	<object>
		<name>cat</name>
		<pose>Unspecified</pose>
		<truncated>0</truncated>
		<difficult>0</difficult>
		<bndbox>
			<xmin>169</xmin>
			<ymin>82</ymin>
			<xmax>361</xmax>
			<ymax>316</ymax>
		</bndbox>
	</object>
</annotation>
