<annotation>
	<folder>train2</folder>
	<filename>cat.1423.jpg</filename>
	<path>D:\猫咪识别\train2\cat.1423.jpg</path>
	<source>
		<database>Unknown</database>
	</source>
	<size>
		<width>90</width>
		<height>58</height>
		<depth>3</depth>
	</size>
	<segmented>0</segmented>
	<object>
		<name>cat</name>
		<pose>Unspecified</pose>
		<truncated>0</truncated>
		<difficult>1</difficult>
		<bndbox>
			<xmin>5</xmin>
			<ymin>8</ymin>
			<xmax>26</xmax>
			<ymax>19</ymax>
		</bndbox>
	</object>
</annotation>
