<annotation>
	<folder>train2</folder>
	<filename>cat.1275.jpg</filename>
	<path>D:\猫咪识别\train2\cat.1275.jpg</path>
	<source>
		<database>Unknown</database>
	</source>
	<size>
		<width>178</width>
		<height>200</height>
		<depth>3</depth>
	</size>
	<segmented>0</segmented>
	<object>
		<name>cat</name>
		<pose>Unspecified</pose>
		<truncated>0</truncated>
		<difficult>0</difficult>
		<bndbox>
			<xmin>17</xmin>
			<ymin>15</ymin>
			<xmax>171</xmax>
			<ymax>147</ymax>
		</bndbox>
	</object>
</annotation>
