<annotation>
	<folder>train2</folder>
	<filename>cat.1182.jpg</filename>
	<path>D:\猫咪识别\train2\cat.1182.jpg</path>
	<source>
		<database>Unknown</database>
	</source>
	<size>
		<width>449</width>
		<height>278</height>
		<depth>3</depth>
	</size>
	<segmented>0</segmented>
	<object>
		<name>cat</name>
		<pose>Unspecified</pose>
		<truncated>0</truncated>
		<difficult>0</difficult>
		<bndbox>
			<xmin>351</xmin>
			<ymin>67</ymin>
			<xmax>447</xmax>
			<ymax>174</ymax>
		</bndbox>
	</object>
</annotation>
