<annotation>
	<folder>train2</folder>
	<filename>cat.1452.jpg</filename>
	<path>D:\猫咪识别\train2\cat.1452.jpg</path>
	<source>
		<database>Unknown</database>
	</source>
	<size>
		<width>500</width>
		<height>331</height>
		<depth>3</depth>
	</size>
	<segmented>0</segmented>
	<object>
		<name>cat</name>
		<pose>Unspecified</pose>
		<truncated>0</truncated>
		<difficult>1</difficult>
		<bndbox>
			<xmin>337</xmin>
			<ymin>94</ymin>
			<xmax>448</xmax>
			<ymax>203</ymax>
		</bndbox>
	</object>
</annotation>
