<annotation>
	<folder>train2</folder>
	<filename>cat.1169.jpg</filename>
	<path>D:\猫咪识别\train2\cat.1169.jpg</path>
	<source>
		<database>Unknown</database>
	</source>
	<size>
		<width>400</width>
		<height>287</height>
		<depth>3</depth>
	</size>
	<segmented>0</segmented>
	<object>
		<name>cat</name>
		<pose>Unspecified</pose>
		<truncated>0</truncated>
		<difficult>0</difficult>
		<bndbox>
			<xmin>108</xmin>
			<ymin>46</ymin>
			<xmax>322</xmax>
			<ymax>215</ymax>
		</bndbox>
	</object>
</annotation>
