<annotation>
	<folder>train2</folder>
	<filename>cat.1441.jpg</filename>
	<path>D:\猫咪识别\train2\cat.1441.jpg</path>
	<source>
		<database>Unknown</database>
	</source>
	<size>
		<width>499</width>
		<height>295</height>
		<depth>3</depth>
	</size>
	<segmented>0</segmented>
	<object>
		<name>cat</name>
		<pose>Unspecified</pose>
		<truncated>0</truncated>
		<difficult>0</difficult>
		<bndbox>
			<xmin>303</xmin>
			<ymin>35</ymin>
			<xmax>446</xmax>
			<ymax>157</ymax>
		</bndbox>
	</object>
	<object>
		<name>cat</name>
		<pose>Unspecified</pose>
		<truncated>0</truncated>
		<difficult>0</difficult>
		<bndbox>
			<xmin>114</xmin>
			<ymin>71</ymin>
			<xmax>253</xmax>
			<ymax>150</ymax>
		</bndbox>
	</object>
</annotation>
