<annotation>
	<folder>train2</folder>
	<filename>cat.1248.jpg</filename>
	<path>D:\猫咪识别\train2\cat.1248.jpg</path>
	<source>
		<database>Unknown</database>
	</source>
	<size>
		<width>499</width>
		<height>289</height>
		<depth>3</depth>
	</size>
	<segmented>0</segmented>
	<object>
		<name>cat</name>
		<pose>Unspecified</pose>
		<truncated>0</truncated>
		<difficult>0</difficult>
		<bndbox>
			<xmin>252</xmin>
			<ymin>26</ymin>
			<xmax>452</xmax>
			<ymax>197</ymax>
		</bndbox>
	</object>
</annotation>
