<annotation>
	<folder>train2</folder>
	<filename>cat.1034.jpg</filename>
	<path>D:\猫咪识别\train2\cat.1034.jpg</path>
	<source>
		<database>Unknown</database>
	</source>
	<size>
		<width>229</width>
		<height>254</height>
		<depth>3</depth>
	</size>
	<segmented>0</segmented>
	<object>
		<name>cat</name>
		<pose>Unspecified</pose>
		<truncated>0</truncated>
		<difficult>1</difficult>
		<bndbox>
			<xmin>22</xmin>
			<ymin>34</ymin>
			<xmax>138</xmax>
			<ymax>131</ymax>
		</bndbox>
	</object>
</annotation>
