<annotation>
	<folder>train2</folder>
	<filename>cat.1002.jpg</filename>
	<path>D:\猫咪识别\train2\cat.1002.jpg</path>
	<source>
		<database>Unknown</database>
	</source>
	<size>
		<width>379</width>
		<height>407</height>
		<depth>3</depth>
	</size>
	<segmented>0</segmented>
	<object>
		<name>cat</name>
		<pose>Unspecified</pose>
		<truncated>0</truncated>
		<difficult>0</difficult>
		<bndbox>
			<xmin>89</xmin>
			<ymin>30</ymin>
			<xmax>286</xmax>
			<ymax>226</ymax>
		</bndbox>
	</object>
</annotation>
