<annotation>
	<folder>train2</folder>
	<filename>cat.1450.jpg</filename>
	<path>D:\猫咪识别\train2\cat.1450.jpg</path>
	<source>
		<database>Unknown</database>
	</source>
	<size>
		<width>448</width>
		<height>228</height>
		<depth>3</depth>
	</size>
	<segmented>0</segmented>
	<object>
		<name>cat</name>
		<pose>Unspecified</pose>
		<truncated>0</truncated>
		<difficult>1</difficult>
		<bndbox>
			<xmin>174</xmin>
			<ymin>68</ymin>
			<xmax>216</xmax>
			<ymax>135</ymax>
		</bndbox>
	</object>
</annotation>
