<annotation>
	<folder>train2</folder>
	<filename>cat.1492.jpg</filename>
	<path>D:\猫咪识别\train2\cat.1492.jpg</path>
	<source>
		<database>Unknown</database>
	</source>
	<size>
		<width>383</width>
		<height>349</height>
		<depth>3</depth>
	</size>
	<segmented>0</segmented>
	<object>
		<name>cat</name>
		<pose>Unspecified</pose>
		<truncated>0</truncated>
		<difficult>1</difficult>
		<bndbox>
			<xmin>22</xmin>
			<ymin>25</ymin>
			<xmax>152</xmax>
			<ymax>146</ymax>
		</bndbox>
	</object>
</annotation>
