<annotation>
	<folder>train2</folder>
	<filename>cat.1112.jpg</filename>
	<path>D:\猫咪识别\train2\cat.1112.jpg</path>
	<source>
		<database>Unknown</database>
	</source>
	<size>
		<width>480</width>
		<height>499</height>
		<depth>3</depth>
	</size>
	<segmented>0</segmented>
	<object>
		<name>cat</name>
		<pose>Unspecified</pose>
		<truncated>0</truncated>
		<difficult>0</difficult>
		<bndbox>
			<xmin>111</xmin>
			<ymin>78</ymin>
			<xmax>344</xmax>
			<ymax>308</ymax>
		</bndbox>
	</object>
</annotation>
