<annotation>
	<folder>train2</folder>
	<filename>cat.1103.jpg</filename>
	<path>D:\猫咪识别\train2\cat.1103.jpg</path>
	<source>
		<database>Unknown</database>
	</source>
	<size>
		<width>359</width>
		<height>270</height>
		<depth>3</depth>
	</size>
	<segmented>0</segmented>
	<object>
		<name>cat</name>
		<pose>Unspecified</pose>
		<truncated>0</truncated>
		<difficult>0</difficult>
		<bndbox>
			<xmin>95</xmin>
			<ymin>76</ymin>
			<xmax>244</xmax>
			<ymax>172</ymax>
		</bndbox>
	</object>
</annotation>
