<annotation>
	<folder>train2</folder>
	<filename>cat.1392.jpg</filename>
	<path>D:\猫咪识别\train2\cat.1392.jpg</path>
	<source>
		<database>Unknown</database>
	</source>
	<size>
		<width>183</width>
		<height>290</height>
		<depth>3</depth>
	</size>
	<segmented>0</segmented>
	<object>
		<name>cat</name>
		<pose>Unspecified</pose>
		<truncated>0</truncated>
		<difficult>0</difficult>
		<bndbox>
			<xmin>29</xmin>
			<ymin>19</ymin>
			<xmax>151</xmax>
			<ymax>133</ymax>
		</bndbox>
	</object>
</annotation>
