<annotation>
	<folder>train2</folder>
	<filename>cat.1058.jpg</filename>
	<path>D:\猫咪识别\train2\cat.1058.jpg</path>
	<source>
		<database>Unknown</database>
	</source>
	<size>
		<width>284</width>
		<height>341</height>
		<depth>3</depth>
	</size>
	<segmented>0</segmented>
	<object>
		<name>cat</name>
		<pose>Unspecified</pose>
		<truncated>0</truncated>
		<difficult>0</difficult>
		<bndbox>
			<xmin>50</xmin>
			<ymin>9</ymin>
			<xmax>236</xmax>
			<ymax>187</ymax>
		</bndbox>
	</object>
</annotation>
