<annotation>
	<folder>train2</folder>
	<filename>cat.1107.jpg</filename>
	<path>D:\猫咪识别\train2\cat.1107.jpg</path>
	<source>
		<database>Unknown</database>
	</source>
	<size>
		<width>434</width>
		<height>499</height>
		<depth>3</depth>
	</size>
	<segmented>0</segmented>
	<object>
		<name>cat</name>
		<pose>Unspecified</pose>
		<truncated>0</truncated>
		<difficult>0</difficult>
		<bndbox>
			<xmin>37</xmin>
			<ymin>22</ymin>
			<xmax>400</xmax>
			<ymax>356</ymax>
		</bndbox>
	</object>
</annotation>
