<annotation>
	<folder>train2</folder>
	<filename>cat.1026.jpg</filename>
	<path>D:\猫咪识别\train2\cat.1026.jpg</path>
	<source>
		<database>Unknown</database>
	</source>
	<size>
		<width>475</width>
		<height>315</height>
		<depth>3</depth>
	</size>
	<segmented>0</segmented>
	<object>
		<name>cat</name>
		<pose>Unspecified</pose>
		<truncated>0</truncated>
		<difficult>1</difficult>
		<bndbox>
			<xmin>94</xmin>
			<ymin>70</ymin>
			<xmax>159</xmax>
			<ymax>127</ymax>
		</bndbox>
	</object>
</annotation>
