<annotation>
	<folder>train2</folder>
	<filename>cat.1438.jpg</filename>
	<path>D:\猫咪识别\train2\cat.1438.jpg</path>
	<source>
		<database>Unknown</database>
	</source>
	<size>
		<width>206</width>
		<height>303</height>
		<depth>3</depth>
	</size>
	<segmented>0</segmented>
	<object>
		<name>cat</name>
		<pose>Unspecified</pose>
		<truncated>0</truncated>
		<difficult>0</difficult>
		<bndbox>
			<xmin>53</xmin>
			<ymin>33</ymin>
			<xmax>191</xmax>
			<ymax>154</ymax>
		</bndbox>
	</object>
</annotation>
