<annotation>
	<folder>train2</folder>
	<filename>cat.1411.jpg</filename>
	<path>D:\猫咪识别\train2\cat.1411.jpg</path>
	<source>
		<database>Unknown</database>
	</source>
	<size>
		<width>360</width>
		<height>499</height>
		<depth>3</depth>
	</size>
	<segmented>0</segmented>
	<object>
		<name>cat</name>
		<pose>Unspecified</pose>
		<truncated>0</truncated>
		<difficult>1</difficult>
		<bndbox>
			<xmin>63</xmin>
			<ymin>15</ymin>
			<xmax>320</xmax>
			<ymax>227</ymax>
		</bndbox>
	</object>
</annotation>
