<annotation>
	<folder>train2</folder>
	<filename>cat.1463.jpg</filename>
	<path>D:\猫咪识别\train2\cat.1463.jpg</path>
	<source>
		<database>Unknown</database>
	</source>
	<size>
		<width>317</width>
		<height>342</height>
		<depth>3</depth>
	</size>
	<segmented>0</segmented>
	<object>
		<name>cat</name>
		<pose>Unspecified</pose>
		<truncated>1</truncated>
		<difficult>0</difficult>
		<bndbox>
			<xmin>80</xmin>
			<ymin>178</ymin>
			<xmax>248</xmax>
			<ymax>342</ymax>
		</bndbox>
	</object>
</annotation>
