<annotation>
	<folder>train2</folder>
	<filename>cat.1419.jpg</filename>
	<path>D:\猫咪识别\train2\cat.1419.jpg</path>
	<source>
		<database>Unknown</database>
	</source>
	<size>
		<width>500</width>
		<height>374</height>
		<depth>3</depth>
	</size>
	<segmented>0</segmented>
	<object>
		<name>cat</name>
		<pose>Unspecified</pose>
		<truncated>0</truncated>
		<difficult>0</difficult>
		<bndbox>
			<xmin>177</xmin>
			<ymin>27</ymin>
			<xmax>377</xmax>
			<ymax>204</ymax>
		</bndbox>
	</object>
</annotation>
