<annotation>
	<folder>train2</folder>
	<filename>cat.1158.jpg</filename>
	<path>D:\猫咪识别\train2\cat.1158.jpg</path>
	<source>
		<database>Unknown</database>
	</source>
	<size>
		<width>350</width>
		<height>389</height>
		<depth>3</depth>
	</size>
	<segmented>0</segmented>
	<object>
		<name>cat</name>
		<pose>Unspecified</pose>
		<truncated>0</truncated>
		<difficult>1</difficult>
		<bndbox>
			<xmin>133</xmin>
			<ymin>51</ymin>
			<xmax>231</xmax>
			<ymax>147</ymax>
		</bndbox>
	</object>
</annotation>
