<annotation>
	<folder>train2</folder>
	<filename>cat.1144.jpg</filename>
	<path>D:\猫咪识别\train2\cat.1144.jpg</path>
	<source>
		<database>Unknown</database>
	</source>
	<size>
		<width>266</width>
		<height>238</height>
		<depth>3</depth>
	</size>
	<segmented>0</segmented>
	<object>
		<name>cat</name>
		<pose>Unspecified</pose>
		<truncated>0</truncated>
		<difficult>0</difficult>
		<bndbox>
			<xmin>84</xmin>
			<ymin>13</ymin>
			<xmax>250</xmax>
			<ymax>151</ymax>
		</bndbox>
	</object>
</annotation>
