<annotation>
	<folder>train2</folder>
	<filename>cat.1405.jpg</filename>
	<path>D:\猫咪识别\train2\cat.1405.jpg</path>
	<source>
		<database>Unknown</database>
	</source>
	<size>
		<width>431</width>
		<height>465</height>
		<depth>3</depth>
	</size>
	<segmented>0</segmented>
	<object>
		<name>cat</name>
		<pose>Unspecified</pose>
		<truncated>0</truncated>
		<difficult>0</difficult>
		<bndbox>
			<xmin>48</xmin>
			<ymin>45</ymin>
			<xmax>367</xmax>
			<ymax>324</ymax>
		</bndbox>
	</object>
</annotation>
