<annotation>
	<folder>train2</folder>
	<filename>cat.1121.jpg</filename>
	<path>D:\猫咪识别\train2\cat.1121.jpg</path>
	<source>
		<database>Unknown</database>
	</source>
	<size>
		<width>500</width>
		<height>456</height>
		<depth>3</depth>
	</size>
	<segmented>0</segmented>
	<object>
		<name>cat</name>
		<pose>Unspecified</pose>
		<truncated>0</truncated>
		<difficult>0</difficult>
		<bndbox>
			<xmin>227</xmin>
			<ymin>18</ymin>
			<xmax>460</xmax>
			<ymax>240</ymax>
		</bndbox>
	</object>
</annotation>
