<annotation>
	<folder>train2</folder>
	<filename>cat.1171.jpg</filename>
	<path>D:\猫咪识别\train2\cat.1171.jpg</path>
	<source>
		<database>Unknown</database>
	</source>
	<size>
		<width>499</width>
		<height>448</height>
		<depth>3</depth>
	</size>
	<segmented>0</segmented>
	<object>
		<name>cat</name>
		<pose>Unspecified</pose>
		<truncated>0</truncated>
		<difficult>0</difficult>
		<bndbox>
			<xmin>62</xmin>
			<ymin>23</ymin>
			<xmax>289</xmax>
			<ymax>200</ymax>
		</bndbox>
	</object>
</annotation>
