<annotation>
	<folder>train2</folder>
	<filename>cat.1277.jpg</filename>
	<path>D:\猫咪识别\train2\cat.1277.jpg</path>
	<source>
		<database>Unknown</database>
	</source>
	<size>
		<width>499</width>
		<height>375</height>
		<depth>3</depth>
	</size>
	<segmented>0</segmented>
	<object>
		<name>cat</name>
		<pose>Unspecified</pose>
		<truncated>0</truncated>
		<difficult>0</difficult>
		<bndbox>
			<xmin>197</xmin>
			<ymin>110</ymin>
			<xmax>293</xmax>
			<ymax>187</ymax>
		</bndbox>
	</object>
</annotation>
