<annotation>
	<folder>train2</folder>
	<filename>cat.1039.jpg</filename>
	<path>D:\猫咪识别\train2\cat.1039.jpg</path>
	<source>
		<database>Unknown</database>
	</source>
	<size>
		<width>374</width>
		<height>499</height>
		<depth>3</depth>
	</size>
	<segmented>0</segmented>
	<object>
		<name>cat</name>
		<pose>Unspecified</pose>
		<truncated>1</truncated>
		<difficult>0</difficult>
		<bndbox>
			<xmin>170</xmin>
			<ymin>92</ymin>
			<xmax>374</xmax>
			<ymax>272</ymax>
		</bndbox>
	</object>
</annotation>
