<annotation>
	<folder>train2</folder>
	<filename>cat.1381.jpg</filename>
	<path>D:\猫咪识别\train2\cat.1381.jpg</path>
	<source>
		<database>Unknown</database>
	</source>
	<size>
		<width>355</width>
		<height>403</height>
		<depth>3</depth>
	</size>
	<segmented>0</segmented>
	<object>
		<name>cat</name>
		<pose>Unspecified</pose>
		<truncated>0</truncated>
		<difficult>0</difficult>
		<bndbox>
			<xmin>24</xmin>
			<ymin>8</ymin>
			<xmax>163</xmax>
			<ymax>153</ymax>
		</bndbox>
	</object>
</annotation>
