<annotation>
	<folder>train2</folder>
	<filename>cat.1131.jpg</filename>
	<path>D:\猫咪识别\train2\cat.1131.jpg</path>
	<source>
		<database>Unknown</database>
	</source>
	<size>
		<width>484</width>
		<height>499</height>
		<depth>3</depth>
	</size>
	<segmented>0</segmented>
	<object>
		<name>cat</name>
		<pose>Unspecified</pose>
		<truncated>0</truncated>
		<difficult>0</difficult>
		<bndbox>
			<xmin>72</xmin>
			<ymin>42</ymin>
			<xmax>290</xmax>
			<ymax>183</ymax>
		</bndbox>
	</object>
</annotation>
