<annotation>
	<folder>train2</folder>
	<filename>cat.1486.jpg</filename>
	<path>D:\猫咪识别\train2\cat.1486.jpg</path>
	<source>
		<database>Unknown</database>
	</source>
	<size>
		<width>306</width>
		<height>230</height>
		<depth>3</depth>
	</size>
	<segmented>0</segmented>
	<object>
		<name>cat</name>
		<pose>Unspecified</pose>
		<truncated>0</truncated>
		<difficult>0</difficult>
		<bndbox>
			<xmin>108</xmin>
			<ymin>17</ymin>
			<xmax>215</xmax>
			<ymax>106</ymax>
		</bndbox>
	</object>
</annotation>
