<annotation>
	<folder>train2</folder>
	<filename>cat.1288.jpg</filename>
	<path>D:\猫咪识别\train2\cat.1288.jpg</path>
	<source>
		<database>Unknown</database>
	</source>
	<size>
		<width>287</width>
		<height>384</height>
		<depth>3</depth>
	</size>
	<segmented>0</segmented>
	<object>
		<name>cat</name>
		<pose>Unspecified</pose>
		<truncated>0</truncated>
		<difficult>0</difficult>
		<bndbox>
			<xmin>27</xmin>
			<ymin>110</ymin>
			<xmax>132</xmax>
			<ymax>188</ymax>
		</bndbox>
	</object>
</annotation>
