<annotation>
	<folder>train2</folder>
	<filename>cat.1344.jpg</filename>
	<path>D:\猫咪识别\train2\cat.1344.jpg</path>
	<source>
		<database>Unknown</database>
	</source>
	<size>
		<width>288</width>
		<height>196</height>
		<depth>3</depth>
	</size>
	<segmented>0</segmented>
	<object>
		<name>cat</name>
		<pose>Unspecified</pose>
		<truncated>0</truncated>
		<difficult>1</difficult>
		<bndbox>
			<xmin>198</xmin>
			<ymin>61</ymin>
			<xmax>267</xmax>
			<ymax>141</ymax>
		</bndbox>
	</object>
</annotation>
