<annotation>
	<folder>train2</folder>
	<filename>cat.1016.jpg</filename>
	<path>D:\猫咪识别\train2\cat.1016.jpg</path>
	<source>
		<database>Unknown</database>
	</source>
	<size>
		<width>288</width>
		<height>287</height>
		<depth>3</depth>
	</size>
	<segmented>0</segmented>
	<object>
		<name>cat</name>
		<pose>Unspecified</pose>
		<truncated>0</truncated>
		<difficult>0</difficult>
		<bndbox>
			<xmin>45</xmin>
			<ymin>34</ymin>
			<xmax>266</xmax>
			<ymax>224</ymax>
		</bndbox>
	</object>
</annotation>
