<annotation>
	<folder>train2</folder>
	<filename>cat.1316.jpg</filename>
	<path>D:\猫咪识别\train2\cat.1316.jpg</path>
	<source>
		<database>Unknown</database>
	</source>
	<size>
		<width>476</width>
		<height>499</height>
		<depth>3</depth>
	</size>
	<segmented>0</segmented>
	<object>
		<name>cat</name>
		<pose>Unspecified</pose>
		<truncated>0</truncated>
		<difficult>0</difficult>
		<bndbox>
			<xmin>191</xmin>
			<ymin>55</ymin>
			<xmax>347</xmax>
			<ymax>168</ymax>
		</bndbox>
	</object>
	<object>
		<name>cat</name>
		<pose>Unspecified</pose>
		<truncated>0</truncated>
		<difficult>0</difficult>
		<bndbox>
			<xmin>160</xmin>
			<ymin>205</ymin>
			<xmax>387</xmax>
			<ymax>438</ymax>
		</bndbox>
	</object>
</annotation>
