<annotation>
	<folder>train2</folder>
	<filename>cat.1343.jpg</filename>
	<path>D:\猫咪识别\train2\cat.1343.jpg</path>
	<source>
		<database>Unknown</database>
	</source>
	<size>
		<width>249</width>
		<height>200</height>
		<depth>3</depth>
	</size>
	<segmented>0</segmented>
	<object>
		<name>cat</name>
		<pose>Unspecified</pose>
		<truncated>0</truncated>
		<difficult>0</difficult>
		<bndbox>
			<xmin>22</xmin>
			<ymin>58</ymin>
			<xmax>207</xmax>
			<ymax>164</ymax>
		</bndbox>
	</object>
</annotation>
