<annotation>
	<folder>train2</folder>
	<filename>cat.1086.jpg</filename>
	<path>D:\猫咪识别\train2\cat.1086.jpg</path>
	<source>
		<database>Unknown</database>
	</source>
	<size>
		<width>500</width>
		<height>435</height>
		<depth>3</depth>
	</size>
	<segmented>0</segmented>
	<object>
		<name>cat</name>
		<pose>Unspecified</pose>
		<truncated>0</truncated>
		<difficult>0</difficult>
		<bndbox>
			<xmin>263</xmin>
			<ymin>200</ymin>
			<xmax>442</xmax>
			<ymax>350</ymax>
		</bndbox>
	</object>
	<object>
		<name>cat</name>
		<pose>Unspecified</pose>
		<truncated>0</truncated>
		<difficult>0</difficult>
		<bndbox>
			<xmin>281</xmin>
			<ymin>21</ymin>
			<xmax>431</xmax>
			<ymax>169</ymax>
		</bndbox>
	</object>
</annotation>
