<annotation>
	<folder>train2</folder>
	<filename>cat.1217.jpg</filename>
	<path>D:\猫咪识别\train2\cat.1217.jpg</path>
	<source>
		<database>Unknown</database>
	</source>
	<size>
		<width>500</width>
		<height>374</height>
		<depth>3</depth>
	</size>
	<segmented>0</segmented>
	<object>
		<name>cat</name>
		<pose>Unspecified</pose>
		<truncated>0</truncated>
		<difficult>0</difficult>
		<bndbox>
			<xmin>117</xmin>
			<ymin>15</ymin>
			<xmax>212</xmax>
			<ymax>93</ymax>
		</bndbox>
	</object>
	<object>
		<name>cat</name>
		<pose>Unspecified</pose>
		<truncated>0</truncated>
		<difficult>0</difficult>
		<bndbox>
			<xmin>309</xmin>
			<ymin>176</ymin>
			<xmax>405</xmax>
			<ymax>274</ymax>
		</bndbox>
	</object>
</annotation>
