<annotation>
	<folder>train2</folder>
	<filename>cat.1098.jpg</filename>
	<path>D:\猫咪识别\train2\cat.1098.jpg</path>
	<source>
		<database>Unknown</database>
	</source>
	<size>
		<width>314</width>
		<height>399</height>
		<depth>3</depth>
	</size>
	<segmented>0</segmented>
	<object>
		<name>cat</name>
		<pose>Unspecified</pose>
		<truncated>0</truncated>
		<difficult>0</difficult>
		<bndbox>
			<xmin>126</xmin>
			<ymin>32</ymin>
			<xmax>296</xmax>
			<ymax>194</ymax>
		</bndbox>
	</object>
</annotation>
