<annotation>
	<folder>train2</folder>
	<filename>cat.1495.jpg</filename>
	<path>D:\猫咪识别\train2\cat.1495.jpg</path>
	<source>
		<database>Unknown</database>
	</source>
	<size>
		<width>499</width>
		<height>329</height>
		<depth>3</depth>
	</size>
	<segmented>0</segmented>
	<object>
		<name>cat</name>
		<pose>Unspecified</pose>
		<truncated>0</truncated>
		<difficult>0</difficult>
		<bndbox>
			<xmin>264</xmin>
			<ymin>35</ymin>
			<xmax>464</xmax>
			<ymax>224</ymax>
		</bndbox>
	</object>
</annotation>
