<annotation>
	<folder>train2</folder>
	<filename>cat.1357.jpg</filename>
	<path>D:\猫咪识别\train2\cat.1357.jpg</path>
	<source>
		<database>Unknown</database>
	</source>
	<size>
		<width>199</width>
		<height>200</height>
		<depth>3</depth>
	</size>
	<segmented>0</segmented>
	<object>
		<name>cat</name>
		<pose>Unspecified</pose>
		<truncated>0</truncated>
		<difficult>0</difficult>
		<bndbox>
			<xmin>45</xmin>
			<ymin>61</ymin>
			<xmax>124</xmax>
			<ymax>134</ymax>
		</bndbox>
	</object>
</annotation>
