<annotation>
	<folder>train2</folder>
	<filename>cat.1238.jpg</filename>
	<path>D:\猫咪识别\train2\cat.1238.jpg</path>
	<source>
		<database>Unknown</database>
	</source>
	<size>
		<width>349</width>
		<height>262</height>
		<depth>3</depth>
	</size>
	<segmented>0</segmented>
	<object>
		<name>cat</name>
		<pose>Unspecified</pose>
		<truncated>0</truncated>
		<difficult>0</difficult>
		<bndbox>
			<xmin>182</xmin>
			<ymin>81</ymin>
			<xmax>259</xmax>
			<ymax>154</ymax>
		</bndbox>
	</object>
	<object>
		<name>cat</name>
		<pose>Unspecified</pose>
		<truncated>0</truncated>
		<difficult>0</difficult>
		<bndbox>
			<xmin>64</xmin>
			<ymin>118</ymin>
			<xmax>167</xmax>
			<ymax>215</ymax>
		</bndbox>
	</object>
</annotation>
