<annotation>
	<folder>train2</folder>
	<filename>cat.1459.jpg</filename>
	<path>D:\猫咪识别\train2\cat.1459.jpg</path>
	<source>
		<database>Unknown</database>
	</source>
	<size>
		<width>215</width>
		<height>327</height>
		<depth>3</depth>
	</size>
	<segmented>0</segmented>
	<object>
		<name>cat</name>
		<pose>Unspecified</pose>
		<truncated>0</truncated>
		<difficult>0</difficult>
		<bndbox>
			<xmin>100</xmin>
			<ymin>72</ymin>
			<xmax>180</xmax>
			<ymax>164</ymax>
		</bndbox>
	</object>
</annotation>
