<annotation>
	<folder>train2</folder>
	<filename>cat.1263.jpg</filename>
	<path>D:\猫咪识别\train2\cat.1263.jpg</path>
	<source>
		<database>Unknown</database>
	</source>
	<size>
		<width>360</width>
		<height>269</height>
		<depth>3</depth>
	</size>
	<segmented>0</segmented>
	<object>
		<name>cat</name>
		<pose>Unspecified</pose>
		<truncated>0</truncated>
		<difficult>0</difficult>
		<bndbox>
			<xmin>156</xmin>
			<ymin>56</ymin>
			<xmax>221</xmax>
			<ymax>118</ymax>
		</bndbox>
	</object>
</annotation>
