<annotation>
	<folder>train2</folder>
	<filename>cat.1394.jpg</filename>
	<path>D:\猫咪识别\train2\cat.1394.jpg</path>
	<source>
		<database>Unknown</database>
	</source>
	<size>
		<width>349</width>
		<height>430</height>
		<depth>3</depth>
	</size>
	<segmented>0</segmented>
	<object>
		<name>cat</name>
		<pose>Unspecified</pose>
		<truncated>0</truncated>
		<difficult>0</difficult>
		<bndbox>
			<xmin>37</xmin>
			<ymin>53</ymin>
			<xmax>285</xmax>
			<ymax>292</ymax>
		</bndbox>
	</object>
</annotation>
