<annotation>
	<folder>train2</folder>
	<filename>cat.1333.jpg</filename>
	<path>D:\猫咪识别\train2\cat.1333.jpg</path>
	<source>
		<database>Unknown</database>
	</source>
	<size>
		<width>299</width>
		<height>326</height>
		<depth>3</depth>
	</size>
	<segmented>0</segmented>
	<object>
		<name>cat</name>
		<pose>Unspecified</pose>
		<truncated>0</truncated>
		<difficult>0</difficult>
		<bndbox>
			<xmin>45</xmin>
			<ymin>51</ymin>
			<xmax>176</xmax>
			<ymax>165</ymax>
		</bndbox>
	</object>
</annotation>
