<annotation>
	<folder>train2</folder>
	<filename>cat.1078.jpg</filename>
	<path>D:\猫咪识别\train2\cat.1078.jpg</path>
	<source>
		<database>Unknown</database>
	</source>
	<size>
		<width>500</width>
		<height>374</height>
		<depth>3</depth>
	</size>
	<segmented>0</segmented>
	<object>
		<name>cat</name>
		<pose>Unspecified</pose>
		<truncated>0</truncated>
		<difficult>1</difficult>
		<bndbox>
			<xmin>60</xmin>
			<ymin>189</ymin>
			<xmax>183</xmax>
			<ymax>297</ymax>
		</bndbox>
	</object>
	<object>
		<name>cat</name>
		<pose>Unspecified</pose>
		<truncated>0</truncated>
		<difficult>0</difficult>
		<bndbox>
			<xmin>306</xmin>
			<ymin>186</ymin>
			<xmax>442</xmax>
			<ymax>324</ymax>
		</bndbox>
	</object>
</annotation>
