<annotation>
	<folder>train2</folder>
	<filename>cat.1308.jpg</filename>
	<path>D:\猫咪识别\train2\cat.1308.jpg</path>
	<source>
		<database>Unknown</database>
	</source>
	<size>
		<width>294</width>
		<height>233</height>
		<depth>3</depth>
	</size>
	<segmented>0</segmented>
	<object>
		<name>cat</name>
		<pose>Unspecified</pose>
		<truncated>0</truncated>
		<difficult>0</difficult>
		<bndbox>
			<xmin>70</xmin>
			<ymin>19</ymin>
			<xmax>267</xmax>
			<ymax>191</ymax>
		</bndbox>
	</object>
</annotation>
