<annotation>
	<folder>train2</folder>
	<filename>cat.1066.jpg</filename>
	<path>D:\猫咪识别\train2\cat.1066.jpg</path>
	<source>
		<database>Unknown</database>
	</source>
	<size>
		<width>300</width>
		<height>224</height>
		<depth>3</depth>
	</size>
	<segmented>0</segmented>
	<object>
		<name>cat</name>
		<pose>Unspecified</pose>
		<truncated>0</truncated>
		<difficult>0</difficult>
		<bndbox>
			<xmin>114</xmin>
			<ymin>15</ymin>
			<xmax>205</xmax>
			<ymax>99</ymax>
		</bndbox>
	</object>
</annotation>
