<annotation>
	<folder>train2</folder>
	<filename>cat.1393.jpg</filename>
	<path>D:\猫咪识别\train2\cat.1393.jpg</path>
	<source>
		<database>Unknown</database>
	</source>
	<size>
		<width>359</width>
		<height>270</height>
		<depth>3</depth>
	</size>
	<segmented>0</segmented>
	<object>
		<name>cat</name>
		<pose>Unspecified</pose>
		<truncated>0</truncated>
		<difficult>0</difficult>
		<bndbox>
			<xmin>110</xmin>
			<ymin>67</ymin>
			<xmax>241</xmax>
			<ymax>178</ymax>
		</bndbox>
	</object>
</annotation>
