<annotation>
	<folder>train2</folder>
	<filename>cat.1407.jpg</filename>
	<path>D:\猫咪识别\train2\cat.1407.jpg</path>
	<source>
		<database>Unknown</database>
	</source>
	<size>
		<width>149</width>
		<height>113</height>
		<depth>3</depth>
	</size>
	<segmented>0</segmented>
	<object>
		<name>cat</name>
		<pose>Unspecified</pose>
		<truncated>0</truncated>
		<difficult>1</difficult>
		<bndbox>
			<xmin>76</xmin>
			<ymin>26</ymin>
			<xmax>119</xmax>
			<ymax>63</ymax>
		</bndbox>
	</object>
</annotation>
