<annotation>
	<folder>train2</folder>
	<filename>cat.1387.jpg</filename>
	<path>D:\猫咪识别\train2\cat.1387.jpg</path>
	<source>
		<database>Unknown</database>
	</source>
	<size>
		<width>215</width>
		<height>238</height>
		<depth>3</depth>
	</size>
	<segmented>0</segmented>
	<object>
		<name>cat</name>
		<pose>Unspecified</pose>
		<truncated>0</truncated>
		<difficult>0</difficult>
		<bndbox>
			<xmin>106</xmin>
			<ymin>50</ymin>
			<xmax>187</xmax>
			<ymax>138</ymax>
		</bndbox>
	</object>
</annotation>
