<annotation>
	<folder>train2</folder>
	<filename>cat.1337.jpg</filename>
	<path>D:\猫咪识别\train2\cat.1337.jpg</path>
	<source>
		<database>Unknown</database>
	</source>
	<size>
		<width>311</width>
		<height>448</height>
		<depth>3</depth>
	</size>
	<segmented>0</segmented>
	<object>
		<name>cat</name>
		<pose>Unspecified</pose>
		<truncated>0</truncated>
		<difficult>0</difficult>
		<bndbox>
			<xmin>93</xmin>
			<ymin>17</ymin>
			<xmax>256</xmax>
			<ymax>152</ymax>
		</bndbox>
	</object>
</annotation>
