<annotation>
	<folder>train2</folder>
	<filename>cat.1266.jpg</filename>
	<path>D:\猫咪识别\train2\cat.1266.jpg</path>
	<source>
		<database>Unknown</database>
	</source>
	<size>
		<width>400</width>
		<height>319</height>
		<depth>3</depth>
	</size>
	<segmented>0</segmented>
	<object>
		<name>cat</name>
		<pose>Unspecified</pose>
		<truncated>0</truncated>
		<difficult>1</difficult>
		<bndbox>
			<xmin>101</xmin>
			<ymin>74</ymin>
			<xmax>230</xmax>
			<ymax>205</ymax>
		</bndbox>
	</object>
</annotation>
