<annotation>
	<folder>train2</folder>
	<filename>cat.1061.jpg</filename>
	<path>D:\猫咪识别\train2\cat.1061.jpg</path>
	<source>
		<database>Unknown</database>
	</source>
	<size>
		<width>329</width>
		<height>245</height>
		<depth>3</depth>
	</size>
	<segmented>0</segmented>
	<object>
		<name>cat</name>
		<pose>Unspecified</pose>
		<truncated>0</truncated>
		<difficult>0</difficult>
		<bndbox>
			<xmin>239</xmin>
			<ymin>51</ymin>
			<xmax>316</xmax>
			<ymax>140</ymax>
		</bndbox>
	</object>
</annotation>
