<annotation>
	<folder>train2</folder>
	<filename>cat.1353.jpg</filename>
	<path>D:\猫咪识别\train2\cat.1353.jpg</path>
	<source>
		<database>Unknown</database>
	</source>
	<size>
		<width>499</width>
		<height>451</height>
		<depth>3</depth>
	</size>
	<segmented>0</segmented>
	<object>
		<name>cat</name>
		<pose>Unspecified</pose>
		<truncated>0</truncated>
		<difficult>0</difficult>
		<bndbox>
			<xmin>35</xmin>
			<ymin>15</ymin>
			<xmax>415</xmax>
			<ymax>373</ymax>
		</bndbox>
	</object>
</annotation>
