<annotation>
	<folder>train2</folder>
	<filename>cat.1491.jpg</filename>
	<path>D:\猫咪识别\train2\cat.1491.jpg</path>
	<source>
		<database>Unknown</database>
	</source>
	<size>
		<width>437</width>
		<height>335</height>
		<depth>3</depth>
	</size>
	<segmented>0</segmented>
	<object>
		<name>cat</name>
		<pose>Unspecified</pose>
		<truncated>0</truncated>
		<difficult>0</difficult>
		<bndbox>
			<xmin>62</xmin>
			<ymin>41</ymin>
			<xmax>345</xmax>
			<ymax>266</ymax>
		</bndbox>
	</object>
</annotation>
