<annotation>
	<folder>train2</folder>
	<filename>cat.1048.jpg</filename>
	<path>D:\猫咪识别\train2\cat.1048.jpg</path>
	<source>
		<database>Unknown</database>
	</source>
	<size>
		<width>350</width>
		<height>500</height>
		<depth>3</depth>
	</size>
	<segmented>0</segmented>
	<object>
		<name>cat</name>
		<pose>Unspecified</pose>
		<truncated>0</truncated>
		<difficult>0</difficult>
		<bndbox>
			<xmin>20</xmin>
			<ymin>36</ymin>
			<xmax>131</xmax>
			<ymax>144</ymax>
		</bndbox>
	</object>
</annotation>
