<annotation>
	<folder>train2</folder>
	<filename>cat.1273.jpg</filename>
	<path>D:\猫咪识别\train2\cat.1273.jpg</path>
	<source>
		<database>Unknown</database>
	</source>
	<size>
		<width>500</width>
		<height>413</height>
		<depth>3</depth>
	</size>
	<segmented>0</segmented>
	<object>
		<name>cat</name>
		<pose>Unspecified</pose>
		<truncated>0</truncated>
		<difficult>0</difficult>
		<bndbox>
			<xmin>197</xmin>
			<ymin>54</ymin>
			<xmax>452</xmax>
			<ymax>295</ymax>
		</bndbox>
	</object>
</annotation>
