<annotation>
	<folder>train2</folder>
	<filename>cat.1184.jpg</filename>
	<path>D:\猫咪识别\train2\cat.1184.jpg</path>
	<source>
		<database>Unknown</database>
	</source>
	<size>
		<width>451</width>
		<height>452</height>
		<depth>3</depth>
	</size>
	<segmented>0</segmented>
	<object>
		<name>cat</name>
		<pose>Unspecified</pose>
		<truncated>0</truncated>
		<difficult>0</difficult>
		<bndbox>
			<xmin>56</xmin>
			<ymin>23</ymin>
			<xmax>429</xmax>
			<ymax>416</ymax>
		</bndbox>
	</object>
</annotation>
