<annotation>
	<folder>train2</folder>
	<filename>cat.1255.jpg</filename>
	<path>D:\猫咪识别\train2\cat.1255.jpg</path>
	<source>
		<database>Unknown</database>
	</source>
	<size>
		<width>499</width>
		<height>319</height>
		<depth>3</depth>
	</size>
	<segmented>0</segmented>
	<object>
		<name>cat</name>
		<pose>Unspecified</pose>
		<truncated>0</truncated>
		<difficult>1</difficult>
		<bndbox>
			<xmin>93</xmin>
			<ymin>109</ymin>
			<xmax>271</xmax>
			<ymax>280</ymax>
		</bndbox>
	</object>
</annotation>
