<annotation>
	<folder>train2</folder>
	<filename>cat.1140.jpg</filename>
	<path>D:\猫咪识别\train2\cat.1140.jpg</path>
	<source>
		<database>Unknown</database>
	</source>
	<size>
		<width>499</width>
		<height>369</height>
		<depth>3</depth>
	</size>
	<segmented>0</segmented>
	<object>
		<name>cat</name>
		<pose>Unspecified</pose>
		<truncated>0</truncated>
		<difficult>0</difficult>
		<bndbox>
			<xmin>212</xmin>
			<ymin>70</ymin>
			<xmax>397</xmax>
			<ymax>221</ymax>
		</bndbox>
	</object>
	<object>
		<name>cat</name>
		<pose>Unspecified</pose>
		<truncated>0</truncated>
		<difficult>0</difficult>
		<bndbox>
			<xmin>41</xmin>
			<ymin>119</ymin>
			<xmax>211</xmax>
			<ymax>248</ymax>
		</bndbox>
	</object>
</annotation>
