<annotation>
	<folder>train2</folder>
	<filename>cat.1436.jpg</filename>
	<path>D:\猫咪识别\train2\cat.1436.jpg</path>
	<source>
		<database>Unknown</database>
	</source>
	<size>
		<width>399</width>
		<height>232</height>
		<depth>3</depth>
	</size>
	<segmented>0</segmented>
	<object>
		<name>cat</name>
		<pose>Unspecified</pose>
		<truncated>0</truncated>
		<difficult>1</difficult>
		<bndbox>
			<xmin>222</xmin>
			<ymin>39</ymin>
			<xmax>367</xmax>
			<ymax>186</ymax>
		</bndbox>
	</object>
</annotation>
