<annotation>
	<folder>train2</folder>
	<filename>cat.1406.jpg</filename>
	<path>D:\猫咪识别\train2\cat.1406.jpg</path>
	<source>
		<database>Unknown</database>
	</source>
	<size>
		<width>350</width>
		<height>261</height>
		<depth>3</depth>
	</size>
	<segmented>0</segmented>
	<object>
		<name>cat</name>
		<pose>Unspecified</pose>
		<truncated>0</truncated>
		<difficult>0</difficult>
		<bndbox>
			<xmin>100</xmin>
			<ymin>54</ymin>
			<xmax>186</xmax>
			<ymax>134</ymax>
		</bndbox>
	</object>
</annotation>
