<annotation>
	<folder>train2</folder>
	<filename>cat.1271.jpg</filename>
	<path>D:\猫咪识别\train2\cat.1271.jpg</path>
	<source>
		<database>Unknown</database>
	</source>
	<size>
		<width>450</width>
		<height>500</height>
		<depth>3</depth>
	</size>
	<segmented>0</segmented>
	<object>
		<name>cat</name>
		<pose>Unspecified</pose>
		<truncated>0</truncated>
		<difficult>0</difficult>
		<bndbox>
			<xmin>20</xmin>
			<ymin>136</ymin>
			<xmax>136</xmax>
			<ymax>259</ymax>
		</bndbox>
	</object>
	<object>
		<name>cat</name>
		<pose>Unspecified</pose>
		<truncated>0</truncated>
		<difficult>0</difficult>
		<bndbox>
			<xmin>283</xmin>
			<ymin>234</ymin>
			<xmax>413</xmax>
			<ymax>352</ymax>
		</bndbox>
	</object>
</annotation>
