<annotation>
	<folder>train2</folder>
	<filename>cat.1410.jpg</filename>
	<path>D:\猫咪识别\train2\cat.1410.jpg</path>
	<source>
		<database>Unknown</database>
	</source>
	<size>
		<width>266</width>
		<height>399</height>
		<depth>3</depth>
	</size>
	<segmented>0</segmented>
	<object>
		<name>cat</name>
		<pose>Unspecified</pose>
		<truncated>0</truncated>
		<difficult>0</difficult>
		<bndbox>
			<xmin>44</xmin>
			<ymin>106</ymin>
			<xmax>253</xmax>
			<ymax>301</ymax>
		</bndbox>
	</object>
</annotation>
